[{"model": "contenttypes.contenttype", "pk": 1, "fields": {"app_label": "wagtailcore", "model": "page"}}, {"model": "contenttypes.contenttype", "pk": 2, "fields": {"app_label": "wagtailimages", "model": "image"}}, {"model": "contenttypes.contenttype", "pk": 3, "fields": {"app_label": "wagtaildocs", "model": "document"}}, {"model": "contenttypes.contenttype", "pk": 4, "fields": {"app_label": "wagtailadmin", "model": "admin"}}, {"model": "contenttypes.contenttype", "pk": 5, "fields": {"app_label": "takwimu", "model": "topicpage"}}, {"model": "contenttypes.contenttype", "pk": 6, "fields": {"app_label": "takwimu", "model": "topicpagedataindicators"}}, {"model": "contenttypes.contenttype", "pk": 7, "fields": {"app_label": "takwimu", "model": "profilepage"}}, {"model": "contenttypes.contenttype", "pk": 8, "fields": {"app_label": "takwimu", "model": "profilepagesections"}}, {"model": "contenttypes.contenttype", "pk": 9, "fields": {"app_label": "takwimu", "model": "profilesectionpage"}}, {"model": "contenttypes.contenttype", "pk": 10, "fields": {"app_label": "takwimu", "model": "aboutpage"}}, {"model": "contenttypes.contenttype", "pk": 11, "fields": {"app_label": "takwimu", "model": "keycontacts"}}, {"model": "contenttypes.contenttype", "pk": 12, "fields": {"app_label": "takwimu", "model": "socialmedia"}}, {"model": "contenttypes.contenttype", "pk": 13, "fields": {"app_label": "takwimu", "model": "faq"}}, {"model": "contenttypes.contenttype", "pk": 14, "fields": {"app_label": "takwimu", "model": "explainersteps"}}, {"model": "contenttypes.contenttype", "pk": 15, "fields": {"app_label": "takwimu", "model": "testimonial"}}, {"model": "contenttypes.contenttype", "pk": 16, "fields": {"app_label": "takwimu", "model": "socialmediasetting"}}, {"model": "contenttypes.contenttype", "pk": 17, "fields": {"app_label": "takwimu", "model": "supportsetting"}}, {"model": "contenttypes.contenttype", "pk": 18, "fields": {"app_label": "takwimu", "model": "aboutussetting"}}, {"model": "contenttypes.contenttype", "pk": 19, "fields": {"app_label": "takwimu", "model": "supportservicessetting"}}, {"model": "contenttypes.contenttype", "pk": 20, "fields": {"app_label": "takwimu", "model": "faqsetting"}}, {"model": "contenttypes.contenttype", "pk": 21, "fields": {"app_label": "takwimu", "model": "countryprofilessetting"}}, {"model": "contenttypes.contenttype", "pk": 22, "fields": {"app_label": "takwimu", "model": "indexpage"}}, {"model": "contenttypes.contenttype", "pk": 23, "fields": {"app_label": "takwimu", "model": "searchpage"}}, {"model": "contenttypes.contenttype", "pk": 24, "fields": {"app_label": "takwimu", "model": "navigationsetting"}}, {"model": "contenttypes.contenttype", "pk": 25, "fields": {"app_label": "takwimu", "model": "contactpage"}}, {"model": "contenttypes.contenttype", "pk": 26, "fields": {"app_label": "takwimu", "model": "profiledata"}}, {"model": "contenttypes.contenttype", "pk": 27, "fields": {"app_label": "takwimu", "model": "keycontact"}}, {"model": "contenttypes.contenttype", "pk": 28, "fields": {"app_label": "takwimu", "model": "socialmediaaccount"}}, {"model": "contenttypes.contenttype", "pk": 29, "fields": {"app_label": "takwimu", "model": "databytopicpage"}}, {"model": "contenttypes.contenttype", "pk": 30, "fields": {"app_label": "takwimu", "model": "legalpage"}}, {"model": "contenttypes.contenttype", "pk": 31, "fields": {"app_label": "hurumap", "model": "dataindicator"}}, {"model": "contenttypes.contenttype", "pk": 32, "fields": {"app_label": "hurumap", "model": "datatopic"}}, {"model": "contenttypes.contenttype", "pk": 33, "fields": {"app_label": "hurumap", "model": "dataindicatorpublisher"}}, {"model": "contenttypes.contenttype", "pk": 34, "fields": {"app_label": "admin", "model": "logentry"}}, {"model": "contenttypes.contenttype", "pk": 35, "fields": {"app_label": "auth", "model": "permission"}}, {"model": "contenttypes.contenttype", "pk": 36, "fields": {"app_label": "auth", "model": "group"}}, {"model": "contenttypes.contenttype", "pk": 37, "fields": {"app_label": "auth", "model": "user"}}, {"model": "contenttypes.contenttype", "pk": 38, "fields": {"app_label": "contenttypes", "model": "contenttype"}}, {"model": "contenttypes.contenttype", "pk": 39, "fields": {"app_label": "sessions", "model": "session"}}, {"model": "contenttypes.contenttype", "pk": 40, "fields": {"app_label": "wazimap", "model": "geography"}}, {"model": "contenttypes.contenttype", "pk": 41, "fields": {"app_label": "wazimap", "model": "dataset"}}, {"model": "contenttypes.contenttype", "pk": 42, "fields": {"app_label": "wazimap", "model": "dbtable"}}, {"model": "contenttypes.contenttype", "pk": 43, "fields": {"app_label": "wazimap", "model": "fieldtable"}}, {"model": "contenttypes.contenttype", "pk": 44, "fields": {"app_label": "wazimap", "model": "fieldtablerelease"}}, {"model": "contenttypes.contenttype", "pk": 45, "fields": {"app_label": "wazimap", "model": "release"}}, {"model": "contenttypes.contenttype", "pk": 46, "fields": {"app_label": "wazimap", "model": "simpletable"}}, {"model": "contenttypes.contenttype", "pk": 47, "fields": {"app_label": "wazimap", "model": "simpletablerelease"}}, {"model": "contenttypes.contenttype", "pk": 48, "fields": {"app_label": "census", "model": "column"}}, {"model": "contenttypes.contenttype", "pk": 49, "fields": {"app_label": "census", "model": "geography"}}, {"model": "contenttypes.contenttype", "pk": 50, "fields": {"app_label": "census", "model": "subjectconcept"}}, {"model": "contenttypes.contenttype", "pk": 51, "fields": {"app_label": "census", "model": "summarylevel"}}, {"model": "contenttypes.contenttype", "pk": 52, "fields": {"app_label": "census", "model": "table"}}, {"model": "contenttypes.contenttype", "pk": 53, "fields": {"app_label": "sites", "model": "site"}}, {"model": "contenttypes.contenttype", "pk": 54, "fields": {"app_label": "wagtailforms", "model": "formsubmission"}}, {"model": "contenttypes.contenttype", "pk": 55, "fields": {"app_label": "wagtailredirects", "model": "redirect"}}, {"model": "contenttypes.contenttype", "pk": 56, "fields": {"app_label": "wagtailembeds", "model": "embed"}}, {"model": "contenttypes.contenttype", "pk": 57, "fields": {"app_label": "wagtailusers", "model": "userprofile"}}, {"model": "contenttypes.contenttype", "pk": 58, "fields": {"app_label": "wagtailimages", "model": "rendition"}}, {"model": "contenttypes.contenttype", "pk": 59, "fields": {"app_label": "wagtailsearch", "model": "query"}}, {"model": "contenttypes.contenttype", "pk": 60, "fields": {"app_label": "wagtailsearch", "model": "querydailyhits"}}, {"model": "contenttypes.contenttype", "pk": 61, "fields": {"app_label": "wagtailcore", "model": "grouppagepermission"}}, {"model": "contenttypes.contenttype", "pk": 62, "fields": {"app_label": "wagtailcore", "model": "pagerevision"}}, {"model": "contenttypes.contenttype", "pk": 63, "fields": {"app_label": "wagtailcore", "model": "pageviewrestriction"}}, {"model": "contenttypes.contenttype", "pk": 64, "fields": {"app_label": "wagtailcore", "model": "site"}}, {"model": "contenttypes.contenttype", "pk": 65, "fields": {"app_label": "wagtailcore", "model": "collection"}}, {"model": "contenttypes.contenttype", "pk": 66, "fields": {"app_label": "wagtailcore", "model": "groupcollectionpermission"}}, {"model": "contenttypes.contenttype", "pk": 67, "fields": {"app_label": "wagtailcore", "model": "collectionviewrestriction"}}, {"model": "contenttypes.contenttype", "pk": 68, "fields": {"app_label": "taggit", "model": "tag"}}, {"model": "contenttypes.contenttype", "pk": 69, "fields": {"app_label": "taggit", "model": "taggeditem"}}, {"model": "contenttypes.contenttype", "pk": 70, "fields": {"app_label": "account", "model": "emailaddress"}}, {"model": "contenttypes.contenttype", "pk": 71, "fields": {"app_label": "account", "model": "emailconfirmation"}}, {"model": "contenttypes.contenttype", "pk": 72, "fields": {"app_label": "socialaccount", "model": "socialaccount"}}, {"model": "contenttypes.contenttype", "pk": 73, "fields": {"app_label": "socialaccount", "model": "socialapp"}}, {"model": "contenttypes.contenttype", "pk": 74, "fields": {"app_label": "socialaccount", "model": "socialtoken"}}, {"model": "contenttypes.contenttype", "pk": 75, "fields": {"app_label": "hurumapdashboard", "model": "homepage"}}, {"model": "contenttypes.contenttype", "pk": 76, "fields": {"app_label": "hurumapdashboard", "model": "staticpage"}}, {"model": "sessions.session", "pk": "hmm2rx7wijmlxx6o2closl6v9uxr3pxi", "fields": {"session_data": "MmQ4ODEwMjk5YWM3YTlkZmY3ZGNjNTdjMjE5NDc3YjcwY2EwZWJlYTp7Il9hdXRoX3VzZXJfaWQiOiIxIiwiX2F1dGhfdXNlcl9iYWNrZW5kIjoiZGphbmdvLmNvbnRyaWIuYXV0aC5iYWNrZW5kcy5Nb2RlbEJhY2tlbmQiLCJfYXV0aF91c2VyX2hhc2giOiI4OWQ5NWM0ZDFhOGZjZTEwZWJjMzMwMWQ0YTMwNjIwNzBkNTA3NGJkIiwiX21lc3NhZ2VzIjoiW1tcIl9fanNvbl9tZXNzYWdlXCIsMSwyNSxcIlRoZSBkYiB0YWJsZSBcXFwiPGEgaHJlZj1cXFwiL2FkbWluL3dhemltYXAvZGJ0YWJsZS83My9jaGFuZ2UvXFxcIj5EQlRhYmxlJmx0O3BvcHVsYXRpb25fc2V4X3llYXImZ3Q7PC9hPlxcXCIgd2FzIGFkZGVkIHN1Y2Nlc3NmdWxseS5cIl0sW1wiX19qc29uX21lc3NhZ2VcIiwxLDI1LFwiVGhlIHJlbGVhc2UgXFxcIjxhIGhyZWY9XFxcIi9hZG1pbi93YXppbWFwL3JlbGVhc2UvMTkvY2hhbmdlL1xcXCI+Q2Vuc3VzIC0gMjAxNjwvYT5cXFwiIHdhcyBhZGRlZCBzdWNjZXNzZnVsbHkuXCJdLFtcIl9fanNvbl9tZXNzYWdlXCIsMSwyNSxcIlRoZSBmaWVsZCB0YWJsZSBcXFwiPGEgaHJlZj1cXFwiL2FkbWluL3dhemltYXAvZmllbGR0YWJsZS83Mi9jaGFuZ2UvXFxcIj5wb3B1bGF0aW9uX3llYXIsIHBvcHVsYXRpb25fc2V4PC9hPlxcXCIgd2FzIGFkZGVkIHN1Y2Nlc3NmdWxseS5cIl0sW1wiX19qc29uX21lc3NhZ2VcIiwxLDI1LFwiVGhlIGZpZWxkIHRhYmxlIFxcXCI8YSBocmVmPVxcXCIvYWRtaW4vd2F6aW1hcC9maWVsZHRhYmxlLzEwL2NoYW5nZS9cXFwiPm1hdGVybmFsX21vcnRhbGl0eV95ZWFyPC9hPlxcXCIgd2FzIGNoYW5nZWQgc3VjY2Vzc2Z1bGx5LlwiXSxbXCJfX2pzb25fbWVzc2FnZVwiLDEsMjUsXCJUaGUgZGIgdGFibGUgXFxcIjxhIGhyZWY9XFxcIi9hZG1pbi93YXppbWFwL2RidGFibGUvNzQvY2hhbmdlL1xcXCI+REJUYWJsZSZsdDtqdW5pb3Jfc2Vjb25kYXJ5X3NjaG9vbF9lbnJvbGxtZW50Jmd0OzwvYT5cXFwiIHdhcyBhZGRlZCBzdWNjZXNzZnVsbHkuXCJdLFtcIl9fanNvbl9tZXNzYWdlXCIsMSwyNSxcIlRoZSBkYXRhc2V0IFxcXCI8YSBocmVmPVxcXCIvYWRtaW4vd2F6aW1hcC9kYXRhc2V0LzEvY2hhbmdlL1xcXCI+RWR1Y2F0aW9uPC9hPlxcXCIgd2FzIGNoYW5nZWQgc3VjY2Vzc2Z1bGx5LlwiXSxbXCJfX2pzb25fbWVzc2FnZVwiLDEsMjUsXCJUaGUgZGIgdGFibGUgXFxcIjxhIGhyZWY9XFxcIi9hZG1pbi93YXppbWFwL2RidGFibGUvNzUvY2hhbmdlL1xcXCI+REJUYWJsZSZsdDtzZW5pb3Jfc2Vjb25kYXJ5X3NjaG9vbF9lbnJvbGxtZW50Jmd0OzwvYT5cXFwiIHdhcyBhZGRlZCBzdWNjZXNzZnVsbHkuIFlvdSBtYXkgYWRkIGFub3RoZXIgZGIgdGFibGUgYmVsb3cuXCJdLFtcIl9fanNvbl9tZXNzYWdlXCIsMSwyNSxcIlRoZSBkYiB0YWJsZSBcXFwiPGEgaHJlZj1cXFwiL2FkbWluL3dhemltYXAvZGJ0YWJsZS83Ni9jaGFuZ2UvXFxcIj5EQlRhYmxlJmx0O3ByaW1hcnlfc2Vjb25kYXJ5X3NjaG9vbF9lbnJvbGxtZW50X2Rpc3RyaWJ1dGlvbiZndDs8L2E+XFxcIiB3YXMgYWRkZWQgc3VjY2Vzc2Z1bGx5LlwiXSxbXCJfX2pzb25fbWVzc2FnZVwiLDEsMjUsXCJUaGUgZGIgdGFibGUgXFxcIjxhIGhyZWY9XFxcIi9hZG1pbi93YXppbWFwL2RidGFibGUvNzcvY2hhbmdlL1xcXCI+REJUYWJsZSZsdDtzZW5pb3Jfc2Vjb25kYXJ5X3NjaG9vbF9lbnJvbGxtZW50X2Rpc3RyaWJ1dGlvbiZndDs8L2E+XFxcIiB3YXMgYWRkZWQgc3VjY2Vzc2Z1bGx5LlwiXSxbXCJfX2pzb25fbWVzc2FnZVwiLDEsMjUsXCJUaGUgZmllbGQgdGFibGUgXFxcIjxhIGhyZWY9XFxcIi9hZG1pbi93YXppbWFwL2ZpZWxkdGFibGUvNzMvY2hhbmdlL1xcXCI+c2V4LCBzZW5pb3Jfc2Vjb25kYXJ5X3NjaG9vbF9lbnJvbGxtZW50X3llYXI8L2E+XFxcIiB3YXMgYWRkZWQgc3VjY2Vzc2Z1bGx5LlwiXSxbXCJfX2pzb25fbWVzc2FnZVwiLDEsMjUsXCJUaGUgZmllbGQgdGFibGUgXFxcIjxhIGhyZWY9XFxcIi9hZG1pbi93YXppbWFwL2ZpZWxkdGFibGUvNzQvY2hhbmdlL1xcXCI+c2V4LCBwcmltYXJ5X3NlY29uZGFyeV9zY2hvb2xfZW5yb2xsbWVudF95ZWFyPC9hPlxcXCIgd2FzIGFkZGVkIHN1Y2Nlc3NmdWxseS4gWW91IG1heSBhZGQgYW5vdGhlciBmaWVsZCB0YWJsZSBiZWxvdy5cIl0sW1wiX19qc29uX21lc3NhZ2VcIiwxLDI1LFwiVGhlIGZpZWxkIHRhYmxlIFxcXCI8YSBocmVmPVxcXCIvYWRtaW4vd2F6aW1hcC9maWVsZHRhYmxlLzc1L2NoYW5nZS9cXFwiPnNleCwganVuaW9yX3NlY29uZGFyeV9zY2hvb2xfZW5yb2xsbWVudF95ZWFyPC9hPlxcXCIgd2FzIGFkZGVkIHN1Y2Nlc3NmdWxseS5cIl0sW1wiX19qc29uX21lc3NhZ2VcIiwwLDI1LFwiU3VjY2Vzc2Z1bGx5IGRlbGV0ZWQgMiBkYiB0YWJsZXMuXCJdLFtcIl9fanNvbl9tZXNzYWdlXCIsMSwyNSxcIlRoZSBmaWVsZCB0YWJsZSBcXFwiPGEgaHJlZj1cXFwiL2FkbWluL3dhemltYXAvZmllbGR0YWJsZS83NC9jaGFuZ2UvXFxcIj5zZXgsIHByaW1hcnlfc2Nob29sX2Vucm9sbG1lbnRfeWVhcjwvYT5cXFwiIHdhcyBjaGFuZ2VkIHN1Y2Nlc3NmdWxseS5cIl0sW1wiX19qc29uX21lc3NhZ2VcIiwxLDI1LFwiVGhlIGRhdGFzZXQgXFxcIjxhIGhyZWY9XFxcIi9hZG1pbi93YXppbWFwL2RhdGFzZXQvMy9jaGFuZ2UvXFxcIj5IZWFsdGg8L2E+XFxcIiB3YXMgY2hhbmdlZCBzdWNjZXNzZnVsbHkuXCJdLFtcIl9fanNvbl9tZXNzYWdlXCIsMSwyNSxcIlRoZSBkYiB0YWJsZSBcXFwiPGEgaHJlZj1cXFwiL2FkbWluL3dhemltYXAvZGJ0YWJsZS83OS9jaGFuZ2UvXFxcIj5EQlRhYmxlJmx0O251bWJlcl9vZl9kZW50aXN0X3llYXJfc2V4Jmd0OzwvYT5cXFwiIHdhcyBhZGRlZCBzdWNjZXNzZnVsbHkuIFlvdSBtYXkgYWRkIGFub3RoZXIgZGIgdGFibGUgYmVsb3cuXCJdLFtcIl9fanNvbl9tZXNzYWdlXCIsMSwyNSxcIlRoZSBkYiB0YWJsZSBcXFwiPGEgaHJlZj1cXFwiL2FkbWluL3dhemltYXAvZGJ0YWJsZS84MC9jaGFuZ2UvXFxcIj5EQlRhYmxlJmx0O251bWJlcl9vZl9kb2N0b3JzX3llYXJfc2V4Jmd0OzwvYT5cXFwiIHdhcyBhZGRlZCBzdWNjZXNzZnVsbHkuIFlvdSBtYXkgYWRkIGFub3RoZXIgZGIgdGFibGUgYmVsb3cuXCJdLFtcIl9fanNvbl9tZXNzYWdlXCIsMSwyNSxcIlRoZSBkYiB0YWJsZSBcXFwiPGEgaHJlZj1cXFwiL2FkbWluL3dhemltYXAvZGJ0YWJsZS84MS9jaGFuZ2UvXFxcIj5EQlRhYmxlJmx0O3ByaW1hcnlfZWR1Y2F0aW9uX2NvbXBsZXRpb25fc2V4Jmd0OzwvYT5cXFwiIHdhcyBhZGRlZCBzdWNjZXNzZnVsbHkuXCJdLFtcIl9fanNvbl9tZXNzYWdlXCIsMSwyNSxcIlRoZSBkYiB0YWJsZSBcXFwiPGEgaHJlZj1cXFwiL2FkbWluL3dhemltYXAvZGJ0YWJsZS84Mi9jaGFuZ2UvXFxcIj5EQlRhYmxlJmx0O21hbGFyaWFfcHJldmFsZW5jZSZndDs8L2E+XFxcIiB3YXMgYWRkZWQgc3VjY2Vzc2Z1bGx5LlwiXSxbXCJfX2pzb25fbWVzc2FnZVwiLDEsMjUsXCJUaGUgZGIgdGFibGUgXFxcIjxhIGhyZWY9XFxcIi9hZG1pbi93YXppbWFwL2RidGFibGUvODMvY2hhbmdlL1xcXCI+REJUYWJsZSZsdDtoaXZfcGF0aWVudHNfZGlzdHJpYnV0aW9uJmd0OzwvYT5cXFwiIHdhcyBhZGRlZCBzdWNjZXNzZnVsbHkuXCJdLFtcIl9fanNvbl9tZXNzYWdlXCIsMSwyNSxcIlRoZSBkYiB0YWJsZSBcXFwiPGEgaHJlZj1cXFwiL2FkbWluL3dhemltYXAvZGJ0YWJsZS84NC9jaGFuZ2UvXFxcIj5EQlRhYmxlJmx0O3ByZXZhbGVuY2VfZmdtJmd0OzwvYT5cXFwiIHdhcyBhZGRlZCBzdWNjZXNzZnVsbHkuXCJdLFtcIl9fanNvbl9tZXNzYWdlXCIsMSwyNSxcIlRoZSBmaWVsZCB0YWJsZSBcXFwiPGEgaHJlZj1cXFwiL2FkbWluL3dhemltYXAvZmllbGR0YWJsZS83Ni9jaGFuZ2UvXFxcIj5wcmltYXJ5X2VkdWNhdGlvbl9jb21wbGV0aW9uX3NleDwvYT5cXFwiIHdhcyBhZGRlZCBzdWNjZXNzZnVsbHkuIFlvdSBtYXkgYWRkIGFub3RoZXIgZmllbGQgdGFibGUgYmVsb3cuXCJdLFtcIl9fanNvbl9tZXNzYWdlXCIsMSwyNSxcIlRoZSBmaWVsZCB0YWJsZSBcXFwiPGEgaHJlZj1cXFwiL2FkbWluL3dhemltYXAvZmllbGR0YWJsZS83Ny9jaGFuZ2UvXFxcIj5udW1iZXJfb2ZfZGVudGlzdF9zZXgsIG51bWJlcl9vZl9kZW50aXN0X3llYXI8L2E+XFxcIiB3YXMgYWRkZWQgc3VjY2Vzc2Z1bGx5LiBZb3UgbWF5IGFkZCBhbm90aGVyIGZpZWxkIHRhYmxlIGJlbG93LlwiXSxbXCJfX2pzb25fbWVzc2FnZVwiLDEsMjUsXCJUaGUgZmllbGQgdGFibGUgXFxcIjxhIGhyZWY9XFxcIi9hZG1pbi93YXppbWFwL2ZpZWxkdGFibGUvNzgvY2hhbmdlL1xcXCI+bnVtYmVyX29mX2RvY3RvcnNfc2V4LCBudW1iZXJfb2ZfZG9jdG9yc195ZWFyPC9hPlxcXCIgd2FzIGFkZGVkIHN1Y2Nlc3NmdWxseS4gWW91IG1heSBhZGQgYW5vdGhlciBmaWVsZCB0YWJsZSBiZWxvdy5cIl0sW1wiX19qc29uX21lc3NhZ2VcIiwxLDI1LFwiVGhlIGZpZWxkIHRhYmxlIFxcXCI8YSBocmVmPVxcXCIvYWRtaW4vd2F6aW1hcC9maWVsZHRhYmxlLzc5L2NoYW5nZS9cXFwiPnByZXZhbGVuY2VfZmdtPC9hPlxcXCIgd2FzIGFkZGVkIHN1Y2Nlc3NmdWxseS4gWW91IG1heSBhZGQgYW5vdGhlciBmaWVsZCB0YWJsZSBiZWxvdy5cIl0sW1wiX19qc29uX21lc3NhZ2VcIiwxLDI1LFwiVGhlIGZpZWxkIHRhYmxlIFxcXCI8YSBocmVmPVxcXCIvYWRtaW4vd2F6aW1hcC9maWVsZHRhYmxlLzgwL2NoYW5nZS9cXFwiPmhpdl9wYXRpZW50c19kaXN0cmlidXRpb25feWVhciwgc2V4PC9hPlxcXCIgd2FzIGFkZGVkIHN1Y2Nlc3NmdWxseS5cIl0sW1wiX19qc29uX21lc3NhZ2VcIiwxLDI1LFwiVGhlIGZpZWxkIHRhYmxlIFxcXCI8YSBocmVmPVxcXCIvYWRtaW4vd2F6aW1hcC9maWVsZHRhYmxlLzgxL2NoYW5nZS9cXFwiPm1hbGFyaWFfcHJldmFsZW5jZV90ZXN0PC9hPlxcXCIgd2FzIGFkZGVkIHN1Y2Nlc3NmdWxseS5cIl0sW1wiX19qc29uX21lc3NhZ2VcIiwxLDI1LFwiVGhlIGZpZWxkIHRhYmxlIFxcXCI8YSBocmVmPVxcXCIvYWRtaW4vd2F6aW1hcC9maWVsZHRhYmxlLzgyL2NoYW5nZS9cXFwiPnNleDwvYT5cXFwiIHdhcyBhZGRlZCBzdWNjZXNzZnVsbHkuXCJdLFtcIl9fanNvbl9tZXNzYWdlXCIsMSwyNSxcIlRoZSBmaWVsZCB0YWJsZSBcXFwiPGEgaHJlZj1cXFwiL2FkbWluL3dhemltYXAvZmllbGR0YWJsZS84My9jaGFuZ2UvXFxcIj5hY2Nlc3NfdG9fZWxlY193YXRlcl9zZXJ2aWNlczwvYT5cXFwiIHdhcyBhZGRlZCBzdWNjZXNzZnVsbHkuXCJdLFtcIl9fanNvbl9tZXNzYWdlXCIsMSwyNSxcIlRoZSBmaWVsZCB0YWJsZSBcXFwiPGEgaHJlZj1cXFwiL2FkbWluL3dhemltYXAvZmllbGR0YWJsZS84NC9jaGFuZ2UvXFxcIj5hY2NvdW50X293bmVyc2hpcF95ZWFyPC9hPlxcXCIgd2FzIGFkZGVkIHN1Y2Nlc3NmdWxseS5cIl0sW1wiX19qc29uX21lc3NhZ2VcIiwxLDI1LFwiVGhlIGZpZWxkIHRhYmxlIFxcXCI8YSBocmVmPVxcXCIvYWRtaW4vd2F6aW1hcC9maWVsZHRhYmxlLzg1L2NoYW5nZS9cXFwiPmh1bWFuX2Rldl9pbmRpY2VzPC9hPlxcXCIgd2FzIGFkZGVkIHN1Y2Nlc3NmdWxseS5cIl0sW1wiX19qc29uX21lc3NhZ2VcIiwxLDI1LFwiVGhlIGZpZWxkIHRhYmxlIFxcXCI8YSBocmVmPVxcXCIvYWRtaW4vd2F6aW1hcC9maWVsZHRhYmxlLzQvY2hhbmdlL1xcXCI+YmlydGhzX2F0dGVuZGVkX2J5X3NraWxsZWRfaGVhbHRoX3N0YWZmX3llYXI8L2E+XFxcIiB3YXMgY2hhbmdlZCBzdWNjZXNzZnVsbHkuXCJdLFtcIl9fanNvbl9tZXNzYWdlXCIsMSwyNSxcIlRoZSBmaWVsZCB0YWJsZSBcXFwiPGEgaHJlZj1cXFwiL2FkbWluL3dhemltYXAvZmllbGR0YWJsZS84Ni9jaGFuZ2UvXFxcIj55b3V0aF91bmVtcGxveW1lbnRfcGVyaW9kPC9hPlxcXCIgd2FzIGFkZGVkIHN1Y2Nlc3NmdWxseS5cIl1dIn0=", "expire_date": "2019-07-29T08:39:41.986Z"}}, {"model": "wazimap.geography", "pk": 279, "fields": {"geo_level": "continent", "geo_code": "AFR", "version": "2009", "name": "Africa", "long_name": "Africa", "square_kms": null, "parent_level": null, "parent_code": null}}, {"model": "wazimap.geography", "pk": 280, "fields": {"geo_level": "country", "geo_code": "NG", "version": "2009", "name": "Nigeria", "long_name": "Nigeria", "square_kms": 923768.0, "parent_level": "continent", "parent_code": "AFR"}}, {"model": "wazimap.geography", "pk": 281, "fields": {"geo_level": "country", "geo_code": "SN", "version": "2009", "name": "Senegal", "long_name": "Senegal", "square_kms": 196712.0, "parent_level": "continent", "parent_code": "AFR"}}, {"model": "wazimap.geography", "pk": 282, "fields": {"geo_level": "country", "geo_code": "TZ", "version": "2009", "name": "Tanzania", "long_name": "Tanzania", "square_kms": 945087.0, "parent_level": "continent", "parent_code": "AFR"}}, {"model": "wazimap.geography", "pk": 283, "fields": {"geo_level": "level1", "geo_code": "NG_1_006", "version": "2009", "name": "Bayelsa", "long_name": "Bayelsa", "square_kms": 10773.0, "parent_level": "country", "parent_code": "NG"}}, {"model": "wazimap.geography", "pk": 284, "fields": {"geo_level": "level1", "geo_code": "NG_1_007", "version": "2009", "name": "Benue", "long_name": "Benue", "square_kms": 34059.0, "parent_level": "country", "parent_code": "NG"}}, {"model": "wazimap.geography", "pk": 285, "fields": {"geo_level": "level1", "geo_code": "NG_1_008", "version": "2009", "name": "Borno", "long_name": "Borno", "square_kms": 70898.0, "parent_level": "country", "parent_code": "NG"}}, {"model": "wazimap.geography", "pk": 286, "fields": {"geo_level": "level1", "geo_code": "NG_1_009", "version": "2009", "name": "Cross River", "long_name": "Cross River", "square_kms": 20156.0, "parent_level": "country", "parent_code": "NG"}}, {"model": "wazimap.geography", "pk": 287, "fields": {"geo_level": "level1", "geo_code": "NG_1_010", "version": "2009", "name": "Delta", "long_name": "Delta", "square_kms": 17698.0, "parent_level": "country", "parent_code": "NG"}}, {"model": "wazimap.geography", "pk": 288, "fields": {"geo_level": "level1", "geo_code": "NG_1_011", "version": "2009", "name": "Ebonyi", "long_name": "Ebonyi", "square_kms": 5670.0, "parent_level": "country", "parent_code": "NG"}}, {"model": "wazimap.geography", "pk": 289, "fields": {"geo_level": "level1", "geo_code": "NG_1_012", "version": "2009", "name": "Edo", "long_name": "Edo", "square_kms": 17802.0, "parent_level": "country", "parent_code": "NG"}}, {"model": "wazimap.geography", "pk": 290, "fields": {"geo_level": "level1", "geo_code": "NG_1_013", "version": "2009", "name": "Ekiti", "long_name": "Ekiti", "square_kms": 6353.0, "parent_level": "country", "parent_code": "NG"}}, {"model": "wazimap.geography", "pk": 291, "fields": {"geo_level": "level1", "geo_code": "NG_1_014", "version": "2009", "name": "Enugu", "long_name": "Enugu", "square_kms": 7161.0, "parent_level": "country", "parent_code": "NG"}}, {"model": "wazimap.geography", "pk": 292, "fields": {"geo_level": "level1", "geo_code": "NG_1_015", "version": "2009", "name": "Federal Capital Territory", "long_name": "Federal Capital Territory", "square_kms": 7315.0, "parent_level": "country", "parent_code": "NG"}}, {"model": "wazimap.geography", "pk": 293, "fields": {"geo_level": "level1", "geo_code": "NG_1_016", "version": "2009", "name": "Gombe", "long_name": "Gombe", "square_kms": 18768.0, "parent_level": "country", "parent_code": "NG"}}, {"model": "wazimap.geography", "pk": 294, "fields": {"geo_level": "level1", "geo_code": "NG_1_017", "version": "2009", "name": "Imo", "long_name": "Imo", "square_kms": 5530.0, "parent_level": "country", "parent_code": "NG"}}, {"model": "wazimap.geography", "pk": 295, "fields": {"geo_level": "level1", "geo_code": "NG_1_018", "version": "2009", "name": "Jigawa", "long_name": "Jigawa", "square_kms": 23154.0, "parent_level": "country", "parent_code": "NG"}}, {"model": "wazimap.geography", "pk": 296, "fields": {"geo_level": "level1", "geo_code": "NG_1_019", "version": "2009", "name": "Kaduna", "long_name": "Kaduna", "square_kms": 46053.0, "parent_level": "country", "parent_code": "NG"}}, {"model": "wazimap.geography", "pk": 297, "fields": {"geo_level": "level1", "geo_code": "NG_1_020", "version": "2009", "name": "Kano", "long_name": "Kano", "square_kms": 20131.0, "parent_level": "country", "parent_code": "NG"}}, {"model": "wazimap.geography", "pk": 298, "fields": {"geo_level": "level1", "geo_code": "NG_1_021", "version": "2009", "name": "Katsina", "long_name": "Katsina", "square_kms": 24192.0, "parent_level": "country", "parent_code": "NG"}}, {"model": "wazimap.geography", "pk": 299, "fields": {"geo_level": "level1", "geo_code": "NG_1_022", "version": "2009", "name": "Kebbi", "long_name": "Kebbi", "square_kms": 36800.0, "parent_level": "country", "parent_code": "NG"}}, {"model": "wazimap.geography", "pk": 300, "fields": {"geo_level": "level1", "geo_code": "NG_1_023", "version": "2009", "name": "Kogi", "long_name": "Kogi", "square_kms": 29833.0, "parent_level": "country", "parent_code": "NG"}}, {"model": "wazimap.geography", "pk": 301, "fields": {"geo_level": "level1", "geo_code": "NG_1_024", "version": "2009", "name": "Kwara", "long_name": "Kwara", "square_kms": 36825.0, "parent_level": "country", "parent_code": "NG"}}, {"model": "wazimap.geography", "pk": 302, "fields": {"geo_level": "level1", "geo_code": "NG_1_025", "version": "2009", "name": "Lagos", "long_name": "Lagos", "square_kms": 3345.0, "parent_level": "country", "parent_code": "NG"}}, {"model": "wazimap.geography", "pk": 303, "fields": {"geo_level": "level1", "geo_code": "NG_1_026", "version": "2009", "name": "Nasarawa", "long_name": "Nasarawa", "square_kms": 27117.0, "parent_level": "country", "parent_code": "NG"}}, {"model": "wazimap.geography", "pk": 304, "fields": {"geo_level": "level1", "geo_code": "NG_1_027", "version": "2009", "name": "Niger", "long_name": "Niger", "square_kms": 76363.0, "parent_level": "country", "parent_code": "NG"}}, {"model": "wazimap.geography", "pk": 305, "fields": {"geo_level": "level1", "geo_code": "NG_1_028", "version": "2009", "name": "Ogun", "long_name": "Ogun", "square_kms": 16762.0, "parent_level": "country", "parent_code": "NG"}}, {"model": "wazimap.geography", "pk": 306, "fields": {"geo_level": "level1", "geo_code": "NG_1_029", "version": "2009", "name": "Ondo", "long_name": "Ondo", "square_kms": 15500.0, "parent_level": "country", "parent_code": "NG"}}, {"model": "wazimap.geography", "pk": 307, "fields": {"geo_level": "level1", "geo_code": "NG_1_030", "version": "2009", "name": "Osun", "long_name": "Osun", "square_kms": 9251.0, "parent_level": "country", "parent_code": "NG"}}, {"model": "wazimap.geography", "pk": 308, "fields": {"geo_level": "level1", "geo_code": "NG_1_031", "version": "2009", "name": "Oyo", "long_name": "Oyo", "square_kms": 28454.0, "parent_level": "country", "parent_code": "NG"}}, {"model": "wazimap.geography", "pk": 309, "fields": {"geo_level": "level1", "geo_code": "NG_1_032", "version": "2009", "name": "Plateau", "long_name": "Plateau", "square_kms": 30913.0, "parent_level": "country", "parent_code": "NG"}}, {"model": "wazimap.geography", "pk": 310, "fields": {"geo_level": "level1", "geo_code": "NG_1_033", "version": "2009", "name": "Rivers", "long_name": "Rivers", "square_kms": 11077.0, "parent_level": "country", "parent_code": "NG"}}, {"model": "wazimap.geography", "pk": 311, "fields": {"geo_level": "level1", "geo_code": "NG_1_034", "version": "2009", "name": "Sokoto", "long_name": "Sokoto", "square_kms": 25973.0, "parent_level": "country", "parent_code": "NG"}}, {"model": "wazimap.geography", "pk": 312, "fields": {"geo_level": "level1", "geo_code": "NG_1_035", "version": "2009", "name": "Taraba", "long_name": "Taraba", "square_kms": 54473.0, "parent_level": "country", "parent_code": "NG"}}, {"model": "wazimap.geography", "pk": 313, "fields": {"geo_level": "level1", "geo_code": "NG_1_036", "version": "2009", "name": "Yobe", "long_name": "Yobe", "square_kms": 45502.0, "parent_level": "country", "parent_code": "NG"}}, {"model": "wazimap.geography", "pk": 314, "fields": {"geo_level": "level1", "geo_code": "NG_1_037", "version": "2009", "name": "Zamfara", "long_name": "Zamfara", "square_kms": 39762.0, "parent_level": "country", "parent_code": "NG"}}, {"model": "wazimap.geography", "pk": 315, "fields": {"geo_level": "level1", "geo_code": "SN_1_001", "version": "2009", "name": "Dakar", "long_name": "Dakar", "square_kms": 547.0, "parent_level": "country", "parent_code": "SN"}}, {"model": "wazimap.geography", "pk": 316, "fields": {"geo_level": "level1", "geo_code": "SN_1_002", "version": "2009", "name": "Diourbel", "long_name": "Diourbel", "square_kms": 4824.0, "parent_level": "country", "parent_code": "SN"}}, {"model": "wazimap.geography", "pk": 317, "fields": {"geo_level": "level1", "geo_code": "SN_1_003", "version": "2009", "name": "Fatick", "long_name": "Fatick", "square_kms": 6849.0, "parent_level": "country", "parent_code": "SN"}}, {"model": "wazimap.geography", "pk": 318, "fields": {"geo_level": "level1", "geo_code": "SN_1_004", "version": "2009", "name": "Kaffrine", "long_name": "Kaffrine", "square_kms": 11262.0, "parent_level": "country", "parent_code": "SN"}}, {"model": "wazimap.geography", "pk": 319, "fields": {"geo_level": "level1", "geo_code": "SN_1_005", "version": "2009", "name": "Kaolack", "long_name": "Kaolack", "square_kms": 5357.0, "parent_level": "country", "parent_code": "SN"}}, {"model": "wazimap.geography", "pk": 320, "fields": {"geo_level": "level1", "geo_code": "SN_1_006", "version": "2009", "name": "Kedougou", "long_name": "Kedougou", "square_kms": 16800.0, "parent_level": "country", "parent_code": "SN"}}, {"model": "wazimap.geography", "pk": 321, "fields": {"geo_level": "level1", "geo_code": "SN_1_007", "version": "2009", "name": "Kolda", "long_name": "Kolda", "square_kms": 13771.0, "parent_level": "country", "parent_code": "SN"}}, {"model": "wazimap.geography", "pk": 322, "fields": {"geo_level": "level1", "geo_code": "SN_1_008", "version": "2009", "name": "Louga", "long_name": "Louga", "square_kms": 24889.0, "parent_level": "country", "parent_code": "SN"}}, {"model": "wazimap.geography", "pk": 323, "fields": {"geo_level": "level1", "geo_code": "SN_1_009", "version": "2009", "name": "Matam", "long_name": "Matam", "square_kms": 29445.0, "parent_level": "country", "parent_code": "SN"}}, {"model": "wazimap.geography", "pk": 324, "fields": {"geo_level": "level1", "geo_code": "SN_1_010", "version": "2009", "name": "Saint Louis", "long_name": "Saint Louis", "square_kms": 19241.0, "parent_level": "country", "parent_code": "SN"}}, {"model": "wazimap.geography", "pk": 325, "fields": {"geo_level": "level1", "geo_code": "SN_1_011", "version": "2009", "name": "Sedhiou", "long_name": "Sedhiou", "square_kms": 7341.0, "parent_level": "country", "parent_code": "SN"}}, {"model": "wazimap.geography", "pk": 326, "fields": {"geo_level": "level1", "geo_code": "SN_1_012", "version": "2009", "name": "Tambacounda", "long_name": "Tambacounda", "square_kms": 42364.0, "parent_level": "country", "parent_code": "SN"}}, {"model": "wazimap.geography", "pk": 327, "fields": {"geo_level": "level1", "geo_code": "SN_1_013", "version": "2009", "name": "Thies", "long_name": "Thies", "square_kms": 6670.0, "parent_level": "country", "parent_code": "SN"}}, {"model": "wazimap.geography", "pk": 328, "fields": {"geo_level": "level1", "geo_code": "SN_1_014", "version": "2009", "name": "Ziguinchor", "long_name": "Ziguinchor", "square_kms": 7352.0, "parent_level": "country", "parent_code": "SN"}}, {"model": "wazimap.geography", "pk": 329, "fields": {"geo_level": "level1", "geo_code": "TZ_1_022", "version": "2009", "name": "Pwani", "long_name": "Pwani", "square_kms": 32407.0, "parent_level": "country", "parent_code": "TZ"}}, {"model": "wazimap.geography", "pk": 330, "fields": {"geo_level": "level1", "geo_code": "TZ_1_026", "version": "2009", "name": "Simiyu", "long_name": "Simiyu", "square_kms": 2380.0, "parent_level": "country", "parent_code": "TZ"}}, {"model": "wazimap.geography", "pk": 331, "fields": {"geo_level": "level1", "geo_code": "TZ_1_004", "version": "2009", "name": "Geita", "long_name": "Geita", "square_kms": 20054.0, "parent_level": "country", "parent_code": "TZ"}}, {"model": "wazimap.geography", "pk": 332, "fields": {"geo_level": "level1", "geo_code": "TZ_1_027", "version": "2009", "name": "Singida", "long_name": "Singida", "square_kms": 49437.0, "parent_level": "country", "parent_code": "TZ"}}, {"model": "wazimap.geography", "pk": 333, "fields": {"geo_level": "level1", "geo_code": "TZ_1_005", "version": "2009", "name": "Iringa", "long_name": "Iringa", "square_kms": 58936.0, "parent_level": "country", "parent_code": "TZ"}}, {"model": "wazimap.geography", "pk": 334, "fields": {"geo_level": "level1", "geo_code": "TZ_1_023", "version": "2009", "name": "Rukwa", "long_name": "Rukwa", "square_kms": 75240.0, "parent_level": "country", "parent_code": "TZ"}}, {"model": "wazimap.geography", "pk": 335, "fields": {"geo_level": "level1", "geo_code": "TZ_1_006", "version": "2009", "name": "Kagera", "long_name": "Kagera", "square_kms": 39627.0, "parent_level": "country", "parent_code": "TZ"}}, {"model": "wazimap.geography", "pk": 336, "fields": {"geo_level": "level1", "geo_code": "TZ_1_010", "version": "2009", "name": "Kigoma", "long_name": "Kigoma", "square_kms": 45066.0, "parent_level": "country", "parent_code": "TZ"}}, {"model": "wazimap.geography", "pk": 337, "fields": {"geo_level": "level1", "geo_code": "TZ_1_014", "version": "2009", "name": "Lindi", "long_name": "Lindi", "square_kms": 67000.0, "parent_level": "country", "parent_code": "TZ"}}, {"model": "wazimap.geography", "pk": 338, "fields": {"geo_level": "level1", "geo_code": "TZ_1_002", "version": "2009", "name": "Dar es salaam", "long_name": "Dar es salaam", "square_kms": 1393.0, "parent_level": "country", "parent_code": "TZ"}}, {"model": "wazimap.geography", "pk": 339, "fields": {"geo_level": "level1", "geo_code": "TZ_1_003", "version": "2009", "name": "Dodoma", "long_name": "Dodoma", "square_kms": 41311.0, "parent_level": "country", "parent_code": "TZ"}}, {"model": "wazimap.geography", "pk": 340, "fields": {"geo_level": "level1", "geo_code": "TZ_1_028", "version": "2009", "name": "Tanga", "long_name": "Tanga", "square_kms": 27348.0, "parent_level": "country", "parent_code": "TZ"}}, {"model": "wazimap.geography", "pk": 341, "fields": {"geo_level": "level1", "geo_code": "TZ_1_019", "version": "2009", "name": "Mtwara", "long_name": "Mtwara", "square_kms": 16707.0, "parent_level": "country", "parent_code": "TZ"}}, {"model": "wazimap.geography", "pk": 342, "fields": {"geo_level": "level1", "geo_code": "TZ_1_021", "version": "2009", "name": "Njombe", "long_name": "Njombe", "square_kms": 21347.0, "parent_level": "country", "parent_code": "TZ"}}, {"model": "wazimap.geography", "pk": 343, "fields": {"geo_level": "level1", "geo_code": "TZ_1_029", "version": "2009", "name": "Tabora", "long_name": "Tabora", "square_kms": 76151.0, "parent_level": "country", "parent_code": "TZ"}}, {"model": "wazimap.geography", "pk": 344, "fields": {"geo_level": "level1", "geo_code": "TZ_1_011", "version": "2009", "name": "Kilimanjaro", "long_name": "Kilimanjaro", "square_kms": 13209.0, "parent_level": "country", "parent_code": "TZ"}}, {"model": "wazimap.geography", "pk": 345, "fields": {"geo_level": "level1", "geo_code": "TZ_1_025", "version": "2009", "name": "Shinyanga", "long_name": "Shinyanga", "square_kms": 40781.0, "parent_level": "country", "parent_code": "TZ"}}, {"model": "wazimap.geography", "pk": 346, "fields": {"geo_level": "level1", "geo_code": "TZ_1_016", "version": "2009", "name": "Mara", "long_name": "Mara", "square_kms": 31150.0, "parent_level": "country", "parent_code": "TZ"}}, {"model": "wazimap.geography", "pk": 347, "fields": {"geo_level": "level1", "geo_code": "TZ_1_024", "version": "2009", "name": "Ruvuma", "long_name": "Ruvuma", "square_kms": 66477.0, "parent_level": "country", "parent_code": "TZ"}}, {"model": "wazimap.geography", "pk": 348, "fields": {"geo_level": "level1", "geo_code": "TZ_1_020", "version": "2009", "name": "Mwanza", "long_name": "Mwanza", "square_kms": 35187.0, "parent_level": "country", "parent_code": "TZ"}}, {"model": "wazimap.geography", "pk": 349, "fields": {"geo_level": "level1", "geo_code": "TZ_1_017", "version": "2009", "name": "Mbeya", "long_name": "Mbeya", "square_kms": 62420.0, "parent_level": "country", "parent_code": "TZ"}}, {"model": "wazimap.geography", "pk": 350, "fields": {"geo_level": "level1", "geo_code": "TZ_1_001", "version": "2009", "name": "Arusha", "long_name": "Arusha", "square_kms": 34516.0, "parent_level": "country", "parent_code": "TZ"}}, {"model": "wazimap.geography", "pk": 351, "fields": {"geo_level": "level1", "geo_code": "TZ_1_018", "version": "2009", "name": "Morogoro", "long_name": "Morogoro", "square_kms": 73139.0, "parent_level": "country", "parent_code": "TZ"}}, {"model": "wazimap.geography", "pk": 352, "fields": {"geo_level": "level1", "geo_code": "TZ_1_009", "version": "2009", "name": "Katavi", "long_name": "Katavi", "square_kms": 45843.0, "parent_level": "country", "parent_code": "TZ"}}, {"model": "wazimap.geography", "pk": 353, "fields": {"geo_level": "level1", "geo_code": "TZ_1_015", "version": "2009", "name": "Manyara", "long_name": "Manyara", "square_kms": 47913.0, "parent_level": "country", "parent_code": "TZ"}}, {"model": "wazimap.geography", "pk": 354, "fields": {"geo_level": "level1", "geo_code": "TZ_1_012", "version": "2009", "name": "Kusini Pemba", "long_name": "Kusini Pemba", "square_kms": 332.0, "parent_level": "country", "parent_code": "TZ"}}, {"model": "wazimap.geography", "pk": 355, "fields": {"geo_level": "level1", "geo_code": "TZ_1_008", "version": "2009", "name": "Kaskazini Unguja", "long_name": "Kaskazini Unguja", "square_kms": 470.0, "parent_level": "country", "parent_code": "TZ"}}, {"model": "wazimap.geography", "pk": 356, "fields": {"geo_level": "level1", "geo_code": "TZ_1_013", "version": "2009", "name": "Kusini Unguja", "long_name": "Kusini Unguja", "square_kms": 854.0, "parent_level": "country", "parent_code": "TZ"}}, {"model": "wazimap.geography", "pk": 357, "fields": {"geo_level": "level1", "geo_code": "TZ_1_030", "version": "2009", "name": "Mjini Magharibi", "long_name": "Mjini Magharibi", "square_kms": 230.0, "parent_level": "country", "parent_code": "TZ"}}, {"model": "wazimap.geography", "pk": 358, "fields": {"geo_level": "level1", "geo_code": "TZ_1_007", "version": "2009", "name": "Kaskazini Pemba", "long_name": "Kaskazini Pemba", "square_kms": 574.0, "parent_level": "country", "parent_code": "TZ"}}, {"model": "wazimap.geography", "pk": 359, "fields": {"geo_level": "level1", "geo_code": "NG_1_001", "version": "2009", "name": "Abia", "long_name": "Abia", "square_kms": 6320.0, "parent_level": "country", "parent_code": "NG"}}, {"model": "wazimap.geography", "pk": 360, "fields": {"geo_level": "level1", "geo_code": "NG_1_002", "version": "2009", "name": "Adamawa", "long_name": "Adamawa", "square_kms": 36917.0, "parent_level": "country", "parent_code": "NG"}}, {"model": "wazimap.geography", "pk": 361, "fields": {"geo_level": "level1", "geo_code": "NG_1_003", "version": "2009", "name": "Akwa Ibom", "long_name": "Akwa Ibom", "square_kms": 7081.0, "parent_level": "country", "parent_code": "NG"}}, {"model": "wazimap.geography", "pk": 362, "fields": {"geo_level": "level1", "geo_code": "NG_1_004", "version": "2009", "name": "Anambra", "long_name": "Anambra", "square_kms": 4844.0, "parent_level": "country", "parent_code": "NG"}}, {"model": "wazimap.geography", "pk": 363, "fields": {"geo_level": "level1", "geo_code": "NG_1_005", "version": "2009", "name": "Bauchi", "long_name": "Bauchi", "square_kms": 45837.0, "parent_level": "country", "parent_code": "NG"}}, {"model": "wazimap.geography", "pk": 364, "fields": {"geo_level": "level1", "geo_code": "KE_1_020", "version": "2009", "name": "Kirinyaga", "long_name": "Kirinyaga", "square_kms": 1205.4, "parent_level": "country", "parent_code": "KE"}}, {"model": "wazimap.geography", "pk": 365, "fields": {"geo_level": "level1", "geo_code": "KE_1_021", "version": "2009", "name": "Murang'a", "long_name": "Murang'a", "square_kms": 2325.8, "parent_level": "country", "parent_code": "KE"}}, {"model": "wazimap.geography", "pk": 366, "fields": {"geo_level": "level1", "geo_code": "KE_1_018", "version": "2009", "name": "Nyandarua", "long_name": "Nyandarua", "square_kms": 3107.7, "parent_level": "country", "parent_code": "KE"}}, {"model": "wazimap.geography", "pk": 367, "fields": {"geo_level": "level1", "geo_code": "KE_1_019", "version": "2009", "name": "Nyeri", "long_name": "Nyeri", "square_kms": 2361.0, "parent_level": "country", "parent_code": "KE"}}, {"model": "wazimap.geography", "pk": 368, "fields": {"geo_level": "level1", "geo_code": "KE_1_024", "version": "2009", "name": "West Pokot", "long_name": "West Pokot", "square_kms": 8418.2, "parent_level": "country", "parent_code": "KE"}}, {"model": "wazimap.geography", "pk": 369, "fields": {"geo_level": "level1", "geo_code": "KE_1_025", "version": "2009", "name": "Samburu", "long_name": "Samburu", "square_kms": 20182.5, "parent_level": "country", "parent_code": "KE"}}, {"model": "wazimap.geography", "pk": 370, "fields": {"geo_level": "level1", "geo_code": "KE_1_022", "version": "2009", "name": "Kiambu", "long_name": "Kiambu", "square_kms": 2449.2, "parent_level": "country", "parent_code": "KE"}}, {"model": "wazimap.geography", "pk": 371, "fields": {"geo_level": "level1", "geo_code": "KE_1_023", "version": "2009", "name": "Turkana", "long_name": "Turkana", "square_kms": 71597.8, "parent_level": "country", "parent_code": "KE"}}, {"model": "wazimap.geography", "pk": 372, "fields": {"geo_level": "level1", "geo_code": "KE_1_028", "version": "2009", "name": "Elgeyo-Marakwet", "long_name": "Elgeyo-Marakwet", "square_kms": 3049.7, "parent_level": "country", "parent_code": "KE"}}, {"model": "wazimap.geography", "pk": 373, "fields": {"geo_level": "level1", "geo_code": "KE_1_029", "version": "2009", "name": "Nandi", "long_name": "Nandi", "square_kms": 2884.5, "parent_level": "country", "parent_code": "KE"}}, {"model": "wazimap.geography", "pk": 374, "fields": {"geo_level": "level1", "geo_code": "KE_1_026", "version": "2009", "name": "Trans-Nzoia", "long_name": "Trans-Nzoia", "square_kms": 2469.9, "parent_level": "country", "parent_code": "KE"}}, {"model": "wazimap.geography", "pk": 375, "fields": {"geo_level": "level1", "geo_code": "KE_1_027", "version": "2009", "name": "Uasin Gishu", "long_name": "Uasin Gishu", "square_kms": 2955.3, "parent_level": "country", "parent_code": "KE"}}, {"model": "wazimap.geography", "pk": 376, "fields": {"geo_level": "level1", "geo_code": "KE_1_032", "version": "2009", "name": "Nakuru", "long_name": "Nakuru", "square_kms": 7509.5, "parent_level": "country", "parent_code": "KE"}}, {"model": "wazimap.geography", "pk": 377, "fields": {"geo_level": "level1", "geo_code": "KE_1_033", "version": "2009", "name": "Narok", "long_name": "Narok", "square_kms": 17921.2, "parent_level": "country", "parent_code": "KE"}}, {"model": "wazimap.geography", "pk": 378, "fields": {"geo_level": "level1", "geo_code": "KE_1_030", "version": "2009", "name": "Baringo", "long_name": "Baringo", "square_kms": 11075.3, "parent_level": "country", "parent_code": "KE"}}, {"model": "wazimap.geography", "pk": 379, "fields": {"geo_level": "level1", "geo_code": "KE_1_031", "version": "2009", "name": "Laikipia", "long_name": "Laikipia", "square_kms": 8696.1, "parent_level": "country", "parent_code": "KE"}}, {"model": "wazimap.geography", "pk": 380, "fields": {"geo_level": "level1", "geo_code": "KE_1_036", "version": "2009", "name": "Bomet", "long_name": "Bomet", "square_kms": 1997.9, "parent_level": "country", "parent_code": "KE"}}, {"model": "wazimap.geography", "pk": 381, "fields": {"geo_level": "level1", "geo_code": "KE_1_037", "version": "2009", "name": "Kakamega", "long_name": "Kakamega", "square_kms": 3033.8, "parent_level": "country", "parent_code": "KE"}}, {"model": "wazimap.geography", "pk": 382, "fields": {"geo_level": "level1", "geo_code": "KE_1_034", "version": "2009", "name": "Kajiado", "long_name": "Kajiado", "square_kms": 21292.7, "parent_level": "country", "parent_code": "KE"}}, {"model": "wazimap.geography", "pk": 383, "fields": {"geo_level": "level1", "geo_code": "KE_1_035", "version": "2009", "name": "Kericho", "long_name": "Kericho", "square_kms": 2454.5, "parent_level": "country", "parent_code": "KE"}}, {"model": "wazimap.geography", "pk": 384, "fields": {"geo_level": "level1", "geo_code": "KE_1_040", "version": "2009", "name": "Busia", "long_name": "Busia", "square_kms": 1628.4, "parent_level": "country", "parent_code": "KE"}}, {"model": "wazimap.geography", "pk": 385, "fields": {"geo_level": "level1", "geo_code": "KE_1_041", "version": "2009", "name": "Siaya", "long_name": "Siaya", "square_kms": 2496.1, "parent_level": "country", "parent_code": "KE"}}, {"model": "wazimap.geography", "pk": 386, "fields": {"geo_level": "level1", "geo_code": "KE_1_038", "version": "2009", "name": "Vihiga", "long_name": "Vihiga", "square_kms": 531.3, "parent_level": "country", "parent_code": "KE"}}, {"model": "wazimap.geography", "pk": 387, "fields": {"geo_level": "level1", "geo_code": "KE_1_039", "version": "2009", "name": "Bungoma", "long_name": "Bungoma", "square_kms": 2206.9, "parent_level": "country", "parent_code": "KE"}}, {"model": "wazimap.geography", "pk": 388, "fields": {"geo_level": "level1", "geo_code": "KE_1_044", "version": "2009", "name": "Migori", "long_name": "Migori", "square_kms": 2586.4, "parent_level": "country", "parent_code": "KE"}}, {"model": "wazimap.geography", "pk": 389, "fields": {"geo_level": "level1", "geo_code": "KE_1_045", "version": "2009", "name": "Kisii", "long_name": "Kisii", "square_kms": 1317.9, "parent_level": "country", "parent_code": "KE"}}, {"model": "wazimap.geography", "pk": 390, "fields": {"geo_level": "level1", "geo_code": "KE_1_042", "version": "2009", "name": "Kisumu", "long_name": "Kisumu", "square_kms": 2009.0, "parent_level": "country", "parent_code": "KE"}}, {"model": "wazimap.geography", "pk": 391, "fields": {"geo_level": "level1", "geo_code": "KE_1_043", "version": "2009", "name": "Homa Bay", "long_name": "Homa Bay", "square_kms": 3154.7, "parent_level": "country", "parent_code": "KE"}}, {"model": "wazimap.geography", "pk": 392, "fields": {"geo_level": "level1", "geo_code": "KE_1_046", "version": "2009", "name": "Nyamira", "long_name": "Nyamira", "square_kms": 912.5, "parent_level": "country", "parent_code": "KE"}}, {"model": "wazimap.geography", "pk": 393, "fields": {"geo_level": "level1", "geo_code": "KE_1_047", "version": "2009", "name": "Nairobi", "long_name": "Nairobi", "square_kms": 694.9, "parent_level": "country", "parent_code": "KE"}}, {"model": "wazimap.geography", "pk": 394, "fields": {"geo_level": "country", "geo_code": "KE", "version": "2009", "name": "Kenya", "long_name": "Kenya", "square_kms": 581309.0, "parent_level": "continent", "parent_code": "AFR"}}, {"model": "wazimap.geography", "pk": 395, "fields": {"geo_level": "level1", "geo_code": "KE_1_001", "version": "2009", "name": "Mombasa", "long_name": "Mombasa", "square_kms": 212.5, "parent_level": "country", "parent_code": "KE"}}, {"model": "wazimap.geography", "pk": 396, "fields": {"geo_level": "level1", "geo_code": "KE_1_004", "version": "2009", "name": "Tana River", "long_name": "Tana River", "square_kms": 35375.8, "parent_level": "country", "parent_code": "KE"}}, {"model": "wazimap.geography", "pk": 397, "fields": {"geo_level": "level1", "geo_code": "KE_1_005", "version": "2009", "name": "Lamu", "long_name": "Lamu", "square_kms": 6497.7, "parent_level": "country", "parent_code": "KE"}}, {"model": "wazimap.geography", "pk": 398, "fields": {"geo_level": "level1", "geo_code": "KE_1_002", "version": "2009", "name": "Kwale", "long_name": "Kwale", "square_kms": 8270.3, "parent_level": "country", "parent_code": "KE"}}, {"model": "wazimap.geography", "pk": 399, "fields": {"geo_level": "level1", "geo_code": "KE_1_003", "version": "2009", "name": "Kilifi", "long_name": "Kilifi", "square_kms": 12245.9, "parent_level": "country", "parent_code": "KE"}}, {"model": "wazimap.geography", "pk": 400, "fields": {"geo_level": "level1", "geo_code": "KE_1_008", "version": "2009", "name": "Wajir", "long_name": "Wajir", "square_kms": 55840.6, "parent_level": "country", "parent_code": "KE"}}, {"model": "wazimap.geography", "pk": 401, "fields": {"geo_level": "level1", "geo_code": "KE_1_009", "version": "2009", "name": "Mandera", "long_name": "Mandera", "square_kms": 25797.7, "parent_level": "country", "parent_code": "KE"}}, {"model": "wazimap.geography", "pk": 402, "fields": {"geo_level": "level1", "geo_code": "KE_1_006", "version": "2009", "name": "Taita Taveta", "long_name": "Taita Taveta", "square_kms": 17083.9, "parent_level": "country", "parent_code": "KE"}}, {"model": "wazimap.geography", "pk": 403, "fields": {"geo_level": "level1", "geo_code": "KE_1_007", "version": "2009", "name": "Garissa", "long_name": "Garissa", "square_kms": 45720.2, "parent_level": "country", "parent_code": "KE"}}, {"model": "wazimap.geography", "pk": 404, "fields": {"geo_level": "level1", "geo_code": "KE_1_012", "version": "2009", "name": "Meru", "long_name": "Meru", "square_kms": 6930.1, "parent_level": "country", "parent_code": "KE"}}, {"model": "wazimap.geography", "pk": 405, "fields": {"geo_level": "level1", "geo_code": "KE_1_013", "version": "2009", "name": "Tharaka-Nithi", "long_name": "Tharaka-Nithi", "square_kms": 2409.5, "parent_level": "country", "parent_code": "KE"}}, {"model": "wazimap.geography", "pk": 406, "fields": {"geo_level": "level1", "geo_code": "KE_1_010", "version": "2009", "name": "Marsabit", "long_name": "Marsabit", "square_kms": 66923.1, "parent_level": "country", "parent_code": "KE"}}, {"model": "wazimap.geography", "pk": 407, "fields": {"geo_level": "level1", "geo_code": "KE_1_011", "version": "2009", "name": "Isiolo", "long_name": "Isiolo", "square_kms": 25336.1, "parent_level": "country", "parent_code": "KE"}}, {"model": "wazimap.geography", "pk": 408, "fields": {"geo_level": "level1", "geo_code": "KE_1_016", "version": "2009", "name": "Machakos", "long_name": "Machakos", "square_kms": 5952.9, "parent_level": "country", "parent_code": "KE"}}, {"model": "wazimap.geography", "pk": 409, "fields": {"geo_level": "level1", "geo_code": "KE_1_017", "version": "2009", "name": "Makueni", "long_name": "Makueni", "square_kms": 8008.9, "parent_level": "country", "parent_code": "KE"}}, {"model": "wazimap.geography", "pk": 410, "fields": {"geo_level": "level1", "geo_code": "KE_1_014", "version": "2009", "name": "Embu", "long_name": "Embu", "square_kms": 2555.9, "parent_level": "country", "parent_code": "KE"}}, {"model": "wazimap.geography", "pk": 411, "fields": {"geo_level": "level1", "geo_code": "KE_1_015", "version": "2009", "name": "Kitui", "long_name": "Kitui", "square_kms": 24385.1, "parent_level": "country", "parent_code": "KE"}}, {"model": "wazimap.geography", "pk": 412, "fields": {"geo_level": "country", "geo_code": "ET", "version": "2009", "name": "Ethiopia", "long_name": "Ethiopia", "square_kms": 1104000.0, "parent_level": "continent", "parent_code": "AFR"}}, {"model": "wazimap.geography", "pk": 413, "fields": {"geo_level": "level1", "geo_code": "ET_1_001", "version": "2009", "name": "Addis Ababa", "long_name": "Addis Ababa", "square_kms": 526.99, "parent_level": "country", "parent_code": "ET"}}, {"model": "wazimap.geography", "pk": 414, "fields": {"geo_level": "level1", "geo_code": "ET_1_002", "version": "2009", "name": "Afar", "long_name": "Afar", "square_kms": 72052.78, "parent_level": "country", "parent_code": "ET"}}, {"model": "wazimap.geography", "pk": 415, "fields": {"geo_level": "level1", "geo_code": "ET_1_003", "version": "2009", "name": "Amhara", "long_name": "Amhara", "square_kms": 154708.96, "parent_level": "country", "parent_code": "ET"}}, {"model": "wazimap.geography", "pk": 416, "fields": {"geo_level": "level1", "geo_code": "ET_1_004", "version": "2009", "name": "Beneshangul Gumuz", "long_name": "Beneshangul Gumuz", "square_kms": 50698.68, "parent_level": "country", "parent_code": "ET"}}, {"model": "wazimap.geography", "pk": 417, "fields": {"geo_level": "level1", "geo_code": "ET_1_005", "version": "2009", "name": "Dire Dawa", "long_name": "Dire Dawa", "square_kms": 1558.61, "parent_level": "country", "parent_code": "ET"}}, {"model": "wazimap.geography", "pk": 418, "fields": {"geo_level": "level1", "geo_code": "ET_1_006", "version": "2009", "name": "Gambella", "long_name": "Gambella", "square_kms": 29782.82, "parent_level": "country", "parent_code": "ET"}}, {"model": "wazimap.geography", "pk": 419, "fields": {"geo_level": "level1", "geo_code": "ET_1_007", "version": "2009", "name": "Harar", "long_name": "Harar", "square_kms": 333.94, "parent_level": "country", "parent_code": "ET"}}, {"model": "wazimap.geography", "pk": 420, "fields": {"geo_level": "level1", "geo_code": "ET_1_008", "version": "2009", "name": "Oromiya", "long_name": "Oromiya", "square_kms": 284537.84, "parent_level": "country", "parent_code": "ET"}}, {"model": "wazimap.geography", "pk": 421, "fields": {"geo_level": "level1", "geo_code": "ET_1_009", "version": "2009", "name": "SNNPR", "long_name": "SNNPR", "square_kms": 105476.0, "parent_level": "country", "parent_code": "ET"}}, {"model": "wazimap.geography", "pk": 422, "fields": {"geo_level": "level1", "geo_code": "ET_1_010", "version": "2009", "name": "Somali", "long_name": "Somali", "square_kms": 279252.0, "parent_level": "country", "parent_code": "ET"}}, {"model": "wazimap.geography", "pk": 423, "fields": {"geo_level": "level1", "geo_code": "ET_1_011", "version": "2009", "name": "Tigray", "long_name": "Tigray", "square_kms": 84722.0, "parent_level": "country", "parent_code": "ET"}}, {"model": "wazimap.geography", "pk": 424, "fields": {"geo_level": "country", "geo_code": "ZA", "version": "2009", "name": "South Africa", "long_name": "South Africa", "square_kms": 1221037.0, "parent_level": "continent", "parent_code": "AFR"}}, {"model": "wazimap.geography", "pk": 425, "fields": {"geo_level": "level1", "geo_code": "ZA_1_001", "version": "2009", "name": "KwaZulu-Natal", "long_name": "KwaZulu-Natal", "square_kms": 94361.0, "parent_level": "country", "parent_code": "ZA"}}, {"model": "wazimap.geography", "pk": 426, "fields": {"geo_level": "level1", "geo_code": "ZA_1_002", "version": "2009", "name": "Free State", "long_name": "KwaZulu-Natal", "square_kms": 129825.0, "parent_level": "country", "parent_code": "ZA"}}, {"model": "wazimap.geography", "pk": 427, "fields": {"geo_level": "level1", "geo_code": "ZA_1_003", "version": "2009", "name": "Eastern Cape", "long_name": "KwaZulu-Natal", "square_kms": 168966.0, "parent_level": "country", "parent_code": "ZA"}}, {"model": "wazimap.geography", "pk": 428, "fields": {"geo_level": "level1", "geo_code": "ZA_1_004", "version": "2009", "name": "Mpumalanga", "long_name": "KwaZulu-Natal", "square_kms": 76495.0, "parent_level": "country", "parent_code": "ZA"}}, {"model": "wazimap.geography", "pk": 429, "fields": {"geo_level": "level1", "geo_code": "ZA_1_005", "version": "2009", "name": "Limpopo", "long_name": "KwaZulu-Natal", "square_kms": 125754.0, "parent_level": "country", "parent_code": "ZA"}}, {"model": "wazimap.geography", "pk": 430, "fields": {"geo_level": "level1", "geo_code": "ZA_1_006", "version": "2009", "name": "Northern Cape", "long_name": "KwaZulu-Natal", "square_kms": 372889.0, "parent_level": "country", "parent_code": "ZA"}}, {"model": "wazimap.geography", "pk": 431, "fields": {"geo_level": "level1", "geo_code": "ZA_1_007", "version": "2009", "name": "North West", "long_name": "KwaZulu-Natal", "square_kms": 104882.0, "parent_level": "country", "parent_code": "ZA"}}, {"model": "wazimap.geography", "pk": 432, "fields": {"geo_level": "level1", "geo_code": "ZA_1_008", "version": "2009", "name": "Western Cape", "long_name": "KwaZulu-Natal", "square_kms": 129462.0, "parent_level": "country", "parent_code": "ZA"}}, {"model": "wazimap.geography", "pk": 433, "fields": {"geo_level": "level1", "geo_code": "ZA_1_009", "version": "2009", "name": "Gauteng", "long_name": "KwaZulu-Natal", "square_kms": 18178.0, "parent_level": "country", "parent_code": "ZA"}}, {"model": "wazimap.geography", "pk": 434, "fields": {"geo_level": "country", "geo_code": "UG", "version": "2009", "name": "Uganda", "long_name": "Uganda", "square_kms": 241038.0, "parent_level": "continent", "parent_code": "AFR"}}, {"model": "wazimap.geography", "pk": 435, "fields": {"geo_level": "country", "geo_code": "ZM", "version": "2009", "name": "Zambia", "long_name": "Zambia", "square_kms": 752618.0, "parent_level": "continent", "parent_code": "AFR"}}, {"model": "wazimap.geography", "pk": 436, "fields": {"geo_level": "country", "geo_code": "BF", "version": "2009", "name": "Burkina Faso", "long_name": "Burkina Faso", "square_kms": 274200.0, "parent_level": "continent", "parent_code": "AFR"}}, {"model": "wazimap.geography", "pk": 437, "fields": {"geo_level": "country", "geo_code": "CD", "version": "2009", "name": "Democratic Republic of Congo", "long_name": "Democratic Republic of Congo", "square_kms": 2345409.0, "parent_level": "continent", "parent_code": "AFR"}}, {"model": "wazimap.dataset", "pk": 1, "fields": {"name": "Education"}}, {"model": "wazimap.dataset", "pk": 2, "fields": {"name": "WorldBank"}}, {"model": "wazimap.dataset", "pk": 3, "fields": {"name": "Health"}}, {"model": "wazimap.dataset", "pk": 4, "fields": {"name": "Census 2011"}}, {"model": "wazimap.dataset", "pk": 5, "fields": {"name": "Donor Assistance"}}, {"model": "wazimap.dataset", "pk": 6, "fields": {"name": "Census"}}, {"model": "wazimap.dataset", "pk": 7, "fields": {"name": "Security"}}, {"model": "wazimap.dataset", "pk": 8, "fields": {"name": "Elections"}}, {"model": "wazimap.dataset", "pk": 9, "fields": {"name": "Social Welfare"}}, {"model": "wazimap.dataset", "pk": 10, "fields": {"name": "Employment"}}, {"model": "wazimap.dataset", "pk": 11, "fields": {"name": "Government"}}, {"model": "wazimap.dataset", "pk": 12, "fields": {"name": "Crime"}}, {"model": "wazimap.dataset", "pk": 13, "fields": {"name": "Agriculture"}}, {"model": "wazimap.dataset", "pk": 14, "fields": {"name": "Financial Inclusion"}}, {"model": "wazimap.release", "pk": 1, "fields": {"name": "Education", "year": "2014", "citation": null, "dataset": 1}}, {"model": "wazimap.release", "pk": 2, "fields": {"name": "WorldBank", "year": "2017", "citation": null, "dataset": 2}}, {"model": "wazimap.release", "pk": 3, "fields": {"name": "Health", "year": "2014", "citation": null, "dataset": 3}}, {"model": "wazimap.release", "pk": 4, "fields": {"name": "Census 2011", "year": "2011", "citation": null, "dataset": 4}}, {"model": "wazimap.release", "pk": 5, "fields": {"name": "Donor Assistance", "year": "2014", "citation": null, "dataset": 5}}, {"model": "wazimap.release", "pk": 6, "fields": {"name": "Census", "year": "2013", "citation": null, "dataset": 6}}, {"model": "wazimap.release", "pk": 7, "fields": {"name": "Census", "year": "2012", "citation": null, "dataset": 6}}, {"model": "wazimap.release", "pk": 8, "fields": {"name": "Security", "year": "2014", "citation": null, "dataset": 7}}, {"model": "wazimap.release", "pk": 9, "fields": {"name": "Elections", "year": "2014", "citation": null, "dataset": 8}}, {"model": "wazimap.release", "pk": 10, "fields": {"name": "Social Welfare", "year": "2014", "citation": null, "dataset": 9}}, {"model": "wazimap.release", "pk": 11, "fields": {"name": "Census", "year": "2006", "citation": null, "dataset": 6}}, {"model": "wazimap.release", "pk": 12, "fields": {"name": "Census", "year": "2007", "citation": null, "dataset": 6}}, {"model": "wazimap.release", "pk": 13, "fields": {"name": "Employment", "year": "2014", "citation": null, "dataset": 10}}, {"model": "wazimap.release", "pk": 14, "fields": {"name": "Government", "year": "2014", "citation": null, "dataset": 11}}, {"model": "wazimap.release", "pk": 15, "fields": {"name": "Crime", "year": "2014", "citation": null, "dataset": 12}}, {"model": "wazimap.release", "pk": 16, "fields": {"name": "Census", "year": "2009", "citation": null, "dataset": 6}}, {"model": "wazimap.release", "pk": 17, "fields": {"name": "Agriculture", "year": "2014", "citation": null, "dataset": 13}}, {"model": "wazimap.release", "pk": 18, "fields": {"name": "Census", "year": "2011", "citation": null, "dataset": 6}}, {"model": "wazimap.release", "pk": 19, "fields": {"name": "Census", "year": "2016", "citation": "", "dataset": 6}}, {"model": "wazimap.release", "pk": 20, "fields": {"name": "Education", "year": "2018", "citation": null, "dataset": 1}}, {"model": "wazimap.release", "pk": 21, "fields": {"name": "Health", "year": "2018", "citation": null, "dataset": 3}}, {"model": "wazimap.release", "pk": 22, "fields": {"name": "Social Welfare", "year": "2018", "citation": "", "dataset": 9}}, {"model": "wazimap.release", "pk": 23, "fields": {"name": "Financial Inclusion", "year": "2018", "citation": null, "dataset": 14}}, {"model": "wazimap.dbtable", "pk": 1, "fields": {"name": "school_attendance_sex"}}, {"model": "wazimap.dbtable", "pk": 2, "fields": {"name": "foreign_direct_investment_net_inflows"}}, {"model": "wazimap.dbtable", "pk": 3, "fields": {"name": "agricultural_land"}}, {"model": "wazimap.dbtable", "pk": 4, "fields": {"name": "births_attended_by_skilled_health_staff"}}, {"model": "wazimap.dbtable", "pk": 5, "fields": {"name": "tax_revenue"}}, {"model": "wazimap.dbtable", "pk": 6, "fields": {"name": "adult_literacy_rate"}}, {"model": "wazimap.dbtable", "pk": 7, "fields": {"name": "hiv_health_centers"}}, {"model": "wazimap.dbtable", "pk": 8, "fields": {"name": "child_births_with_reported_birth_weights"}}, {"model": "wazimap.dbtable", "pk": 9, "fields": {"name": "access_to_basic_services"}}, {"model": "wazimap.dbtable", "pk": 10, "fields": {"name": "maternal_mortality"}}, {"model": "wazimap.dbtable", "pk": 11, "fields": {"name": "child_births_by_size"}}, {"model": "wazimap.dbtable", "pk": 12, "fields": {"name": "inpatient_diagnosis_under_five"}}, {"model": "wazimap.dbtable", "pk": 13, "fields": {"name": "donor"}}, {"model": "wazimap.dbtable", "pk": 14, "fields": {"name": "population_residence_2013"}}, {"model": "wazimap.dbtable", "pk": 15, "fields": {"name": "population_residence_2012"}}, {"model": "wazimap.dbtable", "pk": 16, "fields": {"name": "hiv_prevalence"}}, {"model": "wazimap.dbtable", "pk": 17, "fields": {"name": "seized_firearms"}}, {"model": "wazimap.dbtable", "pk": 18, "fields": {"name": "health_workers"}}, {"model": "wazimap.dbtable", "pk": 19, "fields": {"name": "votes_per_candidate"}}, {"model": "wazimap.dbtable", "pk": 20, "fields": {"name": "causes_of_death_over_five"}}, {"model": "wazimap.dbtable", "pk": 21, "fields": {"name": "primary_education_completion_rate"}}, {"model": "wazimap.dbtable", "pk": 22, "fields": {"name": "physicians_nurses_and_midwives"}}, {"model": "wazimap.dbtable", "pk": 23, "fields": {"name": "poverty_age_residence"}}, {"model": "wazimap.dbtable", "pk": 24, "fields": {"name": "gini_index"}}, {"model": "wazimap.dbtable", "pk": 25, "fields": {"name": "prevalence_of_undernourishment"}}, {"model": "wazimap.dbtable", "pk": 26, "fields": {"name": "outpatient_diagnosis_over_five"}}, {"model": "wazimap.dbtable", "pk": 27, "fields": {"name": "mobile_phone_subscriptions"}}, {"model": "wazimap.dbtable", "pk": 28, "fields": {"name": "population_sex_2006"}}, {"model": "wazimap.dbtable", "pk": 29, "fields": {"name": "population_sex_2007"}}, {"model": "wazimap.dbtable", "pk": 30, "fields": {"name": "employment_activity_status_sex"}}, {"model": "wazimap.dbtable", "pk": 31, "fields": {"name": "gdp_growth"}}, {"model": "wazimap.dbtable", "pk": 32, "fields": {"name": "donor_funded_programmes"}}, {"model": "wazimap.dbtable", "pk": 33, "fields": {"name": "inpatient_diagnosis_over_five"}}, {"model": "wazimap.dbtable", "pk": 34, "fields": {"name": "incidence_of_malaria_per_1000_pop_at_risk"}}, {"model": "wazimap.dbtable", "pk": 35, "fields": {"name": "child_births_with_low_birth_weights"}}, {"model": "wazimap.dbtable", "pk": 36, "fields": {"name": "health_centers_ownership"}}, {"model": "wazimap.dbtable", "pk": 37, "fields": {"name": "total_population"}}, {"model": "wazimap.dbtable", "pk": 38, "fields": {"name": "government_funding"}}, {"model": "wazimap.dbtable", "pk": 39, "fields": {"name": "nurses_and_midwives"}}, {"model": "wazimap.dbtable", "pk": 40, "fields": {"name": "employment_to_population_ratio"}}, {"model": "wazimap.dbtable", "pk": 41, "fields": {"name": "secondary_school_enrollment"}}, {"model": "wazimap.dbtable", "pk": 42, "fields": {"name": "crime"}}, {"model": "wazimap.dbtable", "pk": 43, "fields": {"name": "primary_school_enrollment"}}, {"model": "wazimap.dbtable", "pk": 44, "fields": {"name": "officialemploymentstatus"}}, {"model": "wazimap.dbtable", "pk": 45, "fields": {"name": "population_residence_2009"}}, {"model": "wazimap.dbtable", "pk": 46, "fields": {"name": "gdp_per_capita"}}, {"model": "wazimap.dbtable", "pk": 47, "fields": {"name": "valid_invalid_votes"}}, {"model": "wazimap.dbtable", "pk": 48, "fields": {"name": "registered_accredited_voters"}}, {"model": "wazimap.dbtable", "pk": 49, "fields": {"name": "gdp"}}, {"model": "wazimap.dbtable", "pk": 50, "fields": {"name": "tax_as_percentage_of_gdp"}}, {"model": "wazimap.dbtable", "pk": 51, "fields": {"name": "population_sex_2009"}}, {"model": "wazimap.dbtable", "pk": 52, "fields": {"name": "highest_education_level_reached"}}, {"model": "wazimap.dbtable", "pk": 53, "fields": {"name": "residence_poverty_type"}}, {"model": "wazimap.dbtable", "pk": 54, "fields": {"name": "life_expectancy_at_birth"}}, {"model": "wazimap.dbtable", "pk": 55, "fields": {"name": "food_production"}}, {"model": "wazimap.dbtable", "pk": 56, "fields": {"name": "population_sex_2013"}}, {"model": "wazimap.dbtable", "pk": 57, "fields": {"name": "population_sex_2012"}}, {"model": "wazimap.dbtable", "pk": 58, "fields": {"name": "outpatient_diagnosis_under_five"}}, {"model": "wazimap.dbtable", "pk": 59, "fields": {"name": "account_ownership"}}, {"model": "wazimap.dbtable", "pk": 60, "fields": {"name": "causes_of_death_under_five"}}, {"model": "wazimap.dbtable", "pk": 61, "fields": {"name": "cereal_yield_kg_per_hectare"}}, {"model": "wazimap.dbtable", "pk": 62, "fields": {"name": "method_sex"}}, {"model": "wazimap.dbtable", "pk": 63, "fields": {"name": "youth_unemployment"}}, {"model": "wazimap.dbtable", "pk": 64, "fields": {"name": "child_births"}}, {"model": "wazimap.dbtable", "pk": 65, "fields": {"name": "gdp_per_capita_growth"}}, {"model": "wazimap.dbtable", "pk": 66, "fields": {"name": "population_sex_2011"}}, {"model": "wazimap.dbtable", "pk": 67, "fields": {"name": "women_parliament"}}, {"model": "wazimap.dbtable", "pk": 68, "fields": {"name": "women_in_government"}}, {"model": "wazimap.dbtable", "pk": 69, "fields": {"name": "women_in_parliament"}}, {"model": "wazimap.dbtable", "pk": 70, "fields": {"name": "health_workers_distribution"}}, {"model": "wazimap.dbtable", "pk": 71, "fields": {"name": "infant_under5_mortality"}}, {"model": "wazimap.dbtable", "pk": 72, "fields": {"name": "employment_in_agriculture"}}, {"model": "wazimap.dbtable", "pk": 73, "fields": {"name": "population_sex_year"}}, {"model": "wazimap.dbtable", "pk": 74, "fields": {"name": "junior_secondary_school_enrollment"}}, {"model": "wazimap.dbtable", "pk": 75, "fields": {"name": "senior_secondary_school_enrollment"}}, {"model": "wazimap.dbtable", "pk": 78, "fields": {"name": "primary_school_enrollment_distribution"}}, {"model": "wazimap.dbtable", "pk": 79, "fields": {"name": "number_of_dentist_year_sex"}}, {"model": "wazimap.dbtable", "pk": 80, "fields": {"name": "number_of_doctors_year_sex"}}, {"model": "wazimap.dbtable", "pk": 81, "fields": {"name": "primary_education_completion_sex"}}, {"model": "wazimap.dbtable", "pk": 82, "fields": {"name": "malaria_prevalence"}}, {"model": "wazimap.dbtable", "pk": 83, "fields": {"name": "hiv_patients_distribution"}}, {"model": "wazimap.dbtable", "pk": 84, "fields": {"name": "prevalence_fgm"}}, {"model": "wazimap.dbtable", "pk": 85, "fields": {"name": "literacy_sex"}}, {"model": "wazimap.dbtable", "pk": 86, "fields": {"name": "account_ownership_indicator"}}, {"model": "wazimap.dbtable", "pk": 87, "fields": {"name": "access_to_elec_water_services"}}, {"model": "wazimap.dbtable", "pk": 88, "fields": {"name": "human_dev_indices"}}, {"model": "wazimap.dbtable", "pk": 89, "fields": {"name": "youth_unemployment_general"}}, {"model": "wazimap.fieldtable", "pk": 1, "fields": {"name": "SCHOOL_ATTENDANCE_SEX", "universe": "Population", "dataset": 1, "stat_type": "number", "description": "Population by school_attendance, sex", "fields": "[\"school_attendance\", \"sex\"]", "denominator_key": null, "has_total": true, "value_type": "Integer"}}, {"model": "wazimap.fieldtable", "pk": 2, "fields": {"name": "FOREIGN_DIRECT_INVESTMENT_NET_INFLOWS", "universe": "Population", "dataset": 2, "stat_type": "number", "description": "Population by foreign_direct_investment_net_inflows_year", "fields": "[\"foreign_direct_investment_net_inflows_year\"]", "denominator_key": null, "has_total": true, "value_type": "Integer"}}, {"model": "wazimap.fieldtable", "pk": 3, "fields": {"name": "AGRICULTURAL_LAND", "universe": "Population", "dataset": 2, "stat_type": "number", "description": "Population by agricultural_land_year", "fields": "[\"agricultural_land_year\"]", "denominator_key": null, "has_total": true, "value_type": "Integer"}}, {"model": "wazimap.fieldtable", "pk": 4, "fields": {"name": "BIRTHS_ATTENDED_BY_SKILLED_HEALTH_STAFF", "universe": "Population", "dataset": 2, "stat_type": "number", "description": "Population by births_attended_by_skilled_health_staff_year", "fields": "[\"births_attended_by_skilled_health_staff_year\"]", "denominator_key": null, "has_total": true, "value_type": "Float"}}, {"model": "wazimap.fieldtable", "pk": 5, "fields": {"name": "TAX_REVENUE", "universe": "Population", "dataset": 2, "stat_type": "number", "description": "Population by tax_revenue_year", "fields": "[\"tax_revenue_year\"]", "denominator_key": null, "has_total": true, "value_type": "Integer"}}, {"model": "wazimap.fieldtable", "pk": 6, "fields": {"name": "ADULT_LITERACY_RATE", "universe": "Population", "dataset": 2, "stat_type": "number", "description": "Population by adult_literacy_rate_year, sex", "fields": "[\"adult_literacy_rate_year\", \"sex\"]", "denominator_key": null, "has_total": true, "value_type": "Integer"}}, {"model": "wazimap.fieldtable", "pk": 7, "fields": {"name": "HIV_HEALTH_CENTERS", "universe": "Population", "dataset": 3, "stat_type": "number", "description": "Population by centers", "fields": "[\"centers\"]", "denominator_key": null, "has_total": true, "value_type": "Integer"}}, {"model": "wazimap.fieldtable", "pk": 8, "fields": {"name": "CHILD_BIRTHS_WITH_REPORTED_BIRTH_WEIGHTS", "universe": "Population", "dataset": 3, "stat_type": "number", "description": "Population by reported_birth_weights", "fields": "[\"reported_birth_weights\"]", "denominator_key": null, "has_total": true, "value_type": "Integer"}}, {"model": "wazimap.fieldtable", "pk": 9, "fields": {"name": "ACCESS_TO_BASIC_SERVICES", "universe": "Population", "dataset": 2, "stat_type": "number", "description": "Population by access_to_basic_services_year", "fields": "[\"access_to_basic_services_year\"]", "denominator_key": null, "has_total": true, "value_type": "Integer"}}, {"model": "wazimap.fieldtable", "pk": 10, "fields": {"name": "MATERNAL_MORTALITY", "universe": "Population", "dataset": 2, "stat_type": "number", "description": "Population by maternal_mortality_year", "fields": "[\"maternal_mortality_year\"]", "denominator_key": null, "has_total": true, "value_type": "Float"}}, {"model": "wazimap.fieldtable", "pk": 11, "fields": {"name": "CHILD_BIRTHS_BY_SIZE", "universe": "Population", "dataset": 4, "stat_type": "number", "description": "Population by size", "fields": "[\"size\"]", "denominator_key": null, "has_total": true, "value_type": "Integer"}}, {"model": "wazimap.fieldtable", "pk": 12, "fields": {"name": "INPATIENT_DIAGNOSIS_UNDER_FIVE", "universe": "Population", "dataset": 3, "stat_type": "number", "description": "Population by inpatient_diagnosis_under_five", "fields": "[\"inpatient_diagnosis_under_five\"]", "denominator_key": null, "has_total": true, "value_type": "Integer"}}, {"model": "wazimap.fieldtable", "pk": 13, "fields": {"name": "DONOR", "universe": "Population", "dataset": 5, "stat_type": "number", "description": "Population by donor", "fields": "[\"donor\"]", "denominator_key": null, "has_total": true, "value_type": "Integer"}}, {"model": "wazimap.fieldtable", "pk": 14, "fields": {"name": "POPULATION_RESIDENCE_2013", "universe": "Population", "dataset": 6, "stat_type": "number", "description": "Population by population_residence_2013", "fields": "[\"population_residence_2013\"]", "denominator_key": null, "has_total": true, "value_type": "Integer"}}, {"model": "wazimap.fieldtable", "pk": 15, "fields": {"name": "POPULATION_RESIDENCE_2012", "universe": "Population", "dataset": 6, "stat_type": "number", "description": "Population by population_residence_2012", "fields": "[\"population_residence_2012\"]", "denominator_key": null, "has_total": true, "value_type": "Integer"}}, {"model": "wazimap.fieldtable", "pk": 16, "fields": {"name": "HIV_PREVALENCE", "universe": "Population", "dataset": 2, "stat_type": "number", "description": "Population by hiv_prevalence_year, sex", "fields": "[\"hiv_prevalence_year\", \"sex\"]", "denominator_key": null, "has_total": true, "value_type": "Integer"}}, {"model": "wazimap.fieldtable", "pk": 17, "fields": {"name": "SEIZED_FIREARMS", "universe": "Population", "dataset": 7, "stat_type": "number", "description": "Population by year, type", "fields": "[\"year\", \"type\"]", "denominator_key": null, "has_total": true, "value_type": "Integer"}}, {"model": "wazimap.fieldtable", "pk": 18, "fields": {"name": "HEALTH_WORKERS", "universe": "Population", "dataset": 3, "stat_type": "number", "description": "Population by workers", "fields": "[\"workers\"]", "denominator_key": null, "has_total": true, "value_type": "Integer"}}, {"model": "wazimap.fieldtable", "pk": 19, "fields": {"name": "VOTES_PER_CANDIDATE", "universe": "Population", "dataset": 8, "stat_type": "number", "description": "Population by candidate", "fields": "[\"candidate\"]", "denominator_key": null, "has_total": true, "value_type": "Integer"}}, {"model": "wazimap.fieldtable", "pk": 20, "fields": {"name": "CAUSES_OF_DEATH_OVER_FIVE", "universe": "Population", "dataset": 3, "stat_type": "number", "description": "Population by causes_of_death_over_five", "fields": "[\"causes_of_death_over_five\"]", "denominator_key": null, "has_total": true, "value_type": "Integer"}}, {"model": "wazimap.fieldtable", "pk": 21, "fields": {"name": "PRIMARY_EDUCATION_COMPLETION_RATE", "universe": "Population", "dataset": 2, "stat_type": "number", "description": "Population by primary_education_completion_rate_year", "fields": "[\"primary_education_completion_rate_year\"]", "denominator_key": null, "has_total": true, "value_type": "Integer"}}, {"model": "wazimap.fieldtable", "pk": 22, "fields": {"name": "PHYSICIANS_NURSES_AND_MIDWIVES", "universe": "Population", "dataset": 2, "stat_type": "number", "description": "Population by physicians_nurses_and_midwives_year", "fields": "[\"physicians_nurses_and_midwives_year\"]", "denominator_key": null, "has_total": true, "value_type": "Integer"}}, {"model": "wazimap.fieldtable", "pk": 23, "fields": {"name": "POVERTY_AGE_RESIDENCE", "universe": "Population", "dataset": 9, "stat_type": "number", "description": "Population by residence, age", "fields": "[\"residence\", \"age\"]", "denominator_key": null, "has_total": true, "value_type": "Integer"}}, {"model": "wazimap.fieldtable", "pk": 24, "fields": {"name": "GINI_INDEX", "universe": "Population", "dataset": 2, "stat_type": "number", "description": "Population by gini_index_year", "fields": "[\"gini_index_year\"]", "denominator_key": null, "has_total": true, "value_type": "Integer"}}, {"model": "wazimap.fieldtable", "pk": 25, "fields": {"name": "PREVALENCE_OF_UNDERNOURISHMENT", "universe": "Population", "dataset": 2, "stat_type": "number", "description": "Population by prevalence_of_undernourishment_year", "fields": "[\"prevalence_of_undernourishment_year\"]", "denominator_key": null, "has_total": true, "value_type": "Integer"}}, {"model": "wazimap.fieldtable", "pk": 26, "fields": {"name": "OUTPATIENT_DIAGNOSIS_OVER_FIVE", "universe": "Population", "dataset": 3, "stat_type": "number", "description": "Population by outpatient_diagnosis_over_five", "fields": "[\"outpatient_diagnosis_over_five\"]", "denominator_key": null, "has_total": true, "value_type": "Integer"}}, {"model": "wazimap.fieldtable", "pk": 27, "fields": {"name": "MOBILE_PHONE_SUBSCRIPTIONS", "universe": "Population", "dataset": 2, "stat_type": "number", "description": "Population by mobile_phone_subscriptions_year", "fields": "[\"mobile_phone_subscriptions_year\"]", "denominator_key": null, "has_total": true, "value_type": "Integer"}}, {"model": "wazimap.fieldtable", "pk": 28, "fields": {"name": "POPULATION_SEX_2006", "universe": "Population", "dataset": 6, "stat_type": "number", "description": "Population by population_sex_2006", "fields": "[\"population_sex_2006\"]", "denominator_key": null, "has_total": true, "value_type": "Integer"}}, {"model": "wazimap.fieldtable", "pk": 29, "fields": {"name": "POPULATION_SEX_2007", "universe": "Population", "dataset": 6, "stat_type": "number", "description": "Population by population_sex_2007", "fields": "[\"population_sex_2007\"]", "denominator_key": null, "has_total": true, "value_type": "Integer"}}, {"model": "wazimap.fieldtable", "pk": 30, "fields": {"name": "EMPLOYMENT_ACTIVITY_STATUS_SEX", "universe": "Population", "dataset": 10, "stat_type": "number", "description": "Population by employment_activity_status, sex", "fields": "[\"employment_activity_status\", \"sex\"]", "denominator_key": null, "has_total": true, "value_type": "Integer"}}, {"model": "wazimap.fieldtable", "pk": 31, "fields": {"name": "GDP_GROWTH", "universe": "Population", "dataset": 2, "stat_type": "number", "description": "Population by gdp_growth_year", "fields": "[\"gdp_growth_year\"]", "denominator_key": null, "has_total": true, "value_type": "Integer"}}, {"model": "wazimap.fieldtable", "pk": 32, "fields": {"name": "DONOR_FUNDED_PROGRAMMES", "universe": "Population", "dataset": 5, "stat_type": "number", "description": "Population by programme, donor", "fields": "[\"programme\", \"donor\"]", "denominator_key": null, "has_total": true, "value_type": "Integer"}}, {"model": "wazimap.fieldtable", "pk": 33, "fields": {"name": "INPATIENT_DIAGNOSIS_OVER_FIVE", "universe": "Population", "dataset": 3, "stat_type": "number", "description": "Population by inpatient_diagnosis_over_five", "fields": "[\"inpatient_diagnosis_over_five\"]", "denominator_key": null, "has_total": true, "value_type": "Integer"}}, {"model": "wazimap.fieldtable", "pk": 34, "fields": {"name": "INCIDENCE_OF_MALARIA_PER_1000_POP_AT_RISK", "universe": "Population", "dataset": 2, "stat_type": "number", "description": "Population by incidence_of_malaria_per_1000_pop_at_risk_year", "fields": "[\"incidence_of_malaria_per_1000_pop_at_risk_year\"]", "denominator_key": null, "has_total": true, "value_type": "Integer"}}, {"model": "wazimap.fieldtable", "pk": 35, "fields": {"name": "CHILD_BIRTHS_WITH_LOW_BIRTH_WEIGHTS", "universe": "Population", "dataset": 3, "stat_type": "number", "description": "Population by low_birth_weights", "fields": "[\"low_birth_weights\"]", "denominator_key": null, "has_total": true, "value_type": "Integer"}}, {"model": "wazimap.fieldtable", "pk": 36, "fields": {"name": "HEALTH_CENTERS_OWNERSHIP", "universe": "Population", "dataset": 3, "stat_type": "number", "description": "Population by organization_type", "fields": "[\"organization_type\"]", "denominator_key": null, "has_total": true, "value_type": "Integer"}}, {"model": "wazimap.fieldtable", "pk": 37, "fields": {"name": "TOTAL_POPULATION", "universe": "Population", "dataset": 2, "stat_type": "number", "description": "Population by total_population_year", "fields": "[\"total_population_year\"]", "denominator_key": null, "has_total": true, "value_type": "Integer"}}, {"model": "wazimap.fieldtable", "pk": 38, "fields": {"name": "GOVERNMENT_FUNDING", "universe": "Population", "dataset": 11, "stat_type": "number", "description": "Population by year, sector", "fields": "[\"year\", \"sector\"]", "denominator_key": null, "has_total": true, "value_type": "Integer"}}, {"model": "wazimap.fieldtable", "pk": 39, "fields": {"name": "NURSES_AND_MIDWIVES", "universe": "Population", "dataset": 2, "stat_type": "number", "description": "Population by nurses_and_midwives_year", "fields": "[\"nurses_and_midwives_year\"]", "denominator_key": null, "has_total": true, "value_type": "Integer"}}, {"model": "wazimap.fieldtable", "pk": 40, "fields": {"name": "EMPLOYMENT_TO_POPULATION_RATIO", "universe": "Population", "dataset": 2, "stat_type": "number", "description": "Population by employment_to_population_ratio_year, sex", "fields": "[\"employment_to_population_ratio_year\", \"sex\"]", "denominator_key": null, "has_total": true, "value_type": "Integer"}}, {"model": "wazimap.fieldtable", "pk": 41, "fields": {"name": "SECONDARY_SCHOOL_ENROLLMENT", "universe": "Population", "dataset": 2, "stat_type": "number", "description": "Population by secondary_school_enrollment_year, sex", "fields": "[\"secondary_school_enrollment_year\", \"sex\"]", "denominator_key": null, "has_total": true, "value_type": "Integer"}}, {"model": "wazimap.fieldtable", "pk": 42, "fields": {"name": "CRIME", "universe": "Crimes", "dataset": 12, "stat_type": "number", "description": "Crimes by crime", "fields": "[\"crime\"]", "denominator_key": null, "has_total": true, "value_type": "Integer"}}, {"model": "wazimap.fieldtable", "pk": 43, "fields": {"name": "PRIMARY_SCHOOL_ENROLLMENT", "universe": "Population", "dataset": 2, "stat_type": "number", "description": "Population by primary_school_enrollment_year, sex", "fields": "[\"primary_school_enrollment_year\", \"sex\"]", "denominator_key": null, "has_total": true, "value_type": "Integer"}}, {"model": "wazimap.fieldtable", "pk": 44, "fields": {"name": "OFFICIALEMPLOYMENTSTATUS", "universe": "Individuals 15 and older", "dataset": 10, "stat_type": "number", "description": "Individuals 15 and older by official employment status", "fields": "[\"official employment status\"]", "denominator_key": null, "has_total": true, "value_type": "Integer"}}, {"model": "wazimap.fieldtable", "pk": 45, "fields": {"name": "POPULATION_RESIDENCE_2009", "universe": "Population", "dataset": 6, "stat_type": "number", "description": "Population by population_residence_2009", "fields": "[\"population_residence_2009\"]", "denominator_key": null, "has_total": true, "value_type": "Integer"}}, {"model": "wazimap.fieldtable", "pk": 46, "fields": {"name": "GDP_PER_CAPITA", "universe": "Population", "dataset": 2, "stat_type": "number", "description": "Population by gdp_per_capita_year", "fields": "[\"gdp_per_capita_year\"]", "denominator_key": null, "has_total": true, "value_type": "Integer"}}, {"model": "wazimap.fieldtable", "pk": 47, "fields": {"name": "VALID_INVALID_VOTES", "universe": "Population", "dataset": 8, "stat_type": "number", "description": "Population by votes", "fields": "[\"votes\"]", "denominator_key": null, "has_total": true, "value_type": "Integer"}}, {"model": "wazimap.fieldtable", "pk": 48, "fields": {"name": "REGISTERED_ACCREDITED_VOTERS", "universe": "Population", "dataset": 8, "stat_type": "number", "description": "Population by voters", "fields": "[\"voters\"]", "denominator_key": null, "has_total": true, "value_type": "Integer"}}, {"model": "wazimap.fieldtable", "pk": 49, "fields": {"name": "GDP", "universe": "Population", "dataset": 2, "stat_type": "number", "description": "Population by gdp_year", "fields": "[\"gdp_year\"]", "denominator_key": null, "has_total": true, "value_type": "Integer"}}, {"model": "wazimap.fieldtable", "pk": 50, "fields": {"name": "TAX_AS_PERCENTAGE_OF_GDP", "universe": "Population", "dataset": 2, "stat_type": "number", "description": "Population by tax_as_percentage_of_gdp_year", "fields": "[\"tax_as_percentage_of_gdp_year\"]", "denominator_key": null, "has_total": true, "value_type": "Integer"}}, {"model": "wazimap.fieldtable", "pk": 51, "fields": {"name": "POPULATION_SEX_2009", "universe": "Population", "dataset": 6, "stat_type": "number", "description": "Population by population_sex_2009", "fields": "[\"population_sex_2009\"]", "denominator_key": null, "has_total": true, "value_type": "Integer"}}, {"model": "wazimap.fieldtable", "pk": 52, "fields": {"name": "HIGHEST_EDUCATION_LEVEL_REACHED", "universe": "Population", "dataset": 1, "stat_type": "number", "description": "Population by highest_education_level_reached", "fields": "[\"highest_education_level_reached\"]", "denominator_key": null, "has_total": true, "value_type": "Integer"}}, {"model": "wazimap.fieldtable", "pk": 53, "fields": {"name": "RESIDENCE_POVERTY_TYPE", "universe": "Population", "dataset": 9, "stat_type": "number", "description": "Population by residence, poverty_type", "fields": "[\"residence\", \"poverty_type\"]", "denominator_key": null, "has_total": true, "value_type": "Integer"}}, {"model": "wazimap.fieldtable", "pk": 54, "fields": {"name": "LIFE_EXPECTANCY_AT_BIRTH", "universe": "Population", "dataset": 2, "stat_type": "number", "description": "Population by life_expectancy_at_birth_year, sex", "fields": "[\"life_expectancy_at_birth_year\", \"sex\"]", "denominator_key": null, "has_total": true, "value_type": "Integer"}}, {"model": "wazimap.fieldtable", "pk": 55, "fields": {"name": "FOOD_PRODUCTION", "universe": "Population", "dataset": 13, "stat_type": "number", "description": "Population by crops", "fields": "[\"crops\"]", "denominator_key": null, "has_total": true, "value_type": "Float"}}, {"model": "wazimap.fieldtable", "pk": 56, "fields": {"name": "POPULATION_SEX_2013", "universe": "Population", "dataset": 6, "stat_type": "number", "description": "Population by population_sex_2013", "fields": "[\"population_sex_2013\"]", "denominator_key": null, "has_total": true, "value_type": "Integer"}}, {"model": "wazimap.fieldtable", "pk": 57, "fields": {"name": "POPULATION_SEX_2012", "universe": "Population", "dataset": 6, "stat_type": "number", "description": "Population by population_sex_2012", "fields": "[\"population_sex_2012\"]", "denominator_key": null, "has_total": true, "value_type": "Integer"}}, {"model": "wazimap.fieldtable", "pk": 58, "fields": {"name": "OUTPATIENT_DIAGNOSIS_UNDER_FIVE", "universe": "Population", "dataset": 3, "stat_type": "number", "description": "Population by outpatient_diagnosis_under_five", "fields": "[\"outpatient_diagnosis_under_five\"]", "denominator_key": null, "has_total": true, "value_type": "Integer"}}, {"model": "wazimap.fieldtable", "pk": 59, "fields": {"name": "ACCOUNT_OWNERSHIP", "universe": "Population", "dataset": 2, "stat_type": "number", "description": "Population by sex, account_ownership_year", "fields": "[\"sex\", \"account_ownership_year\"]", "denominator_key": null, "has_total": true, "value_type": "Integer"}}, {"model": "wazimap.fieldtable", "pk": 60, "fields": {"name": "CAUSES_OF_DEATH_UNDER_FIVE", "universe": "Population", "dataset": 3, "stat_type": "number", "description": "Population by causes_of_death_under_five", "fields": "[\"causes_of_death_under_five\"]", "denominator_key": null, "has_total": true, "value_type": "Integer"}}, {"model": "wazimap.fieldtable", "pk": 61, "fields": {"name": "CEREAL_YIELD_KG_PER_HECTARE", "universe": "Population", "dataset": 2, "stat_type": "number", "description": "Population by cereal_yield_kg_per_hectare_year", "fields": "[\"cereal_yield_kg_per_hectare_year\"]", "denominator_key": null, "has_total": true, "value_type": "Integer"}}, {"model": "wazimap.fieldtable", "pk": 62, "fields": {"name": "METHOD_SEX", "universe": "Population", "dataset": 3, "stat_type": "number", "description": "Population by method, sex", "fields": "[\"method\", \"sex\"]", "denominator_key": null, "has_total": true, "value_type": "Integer"}}, {"model": "wazimap.fieldtable", "pk": 63, "fields": {"name": "YOUTH_UNEMPLOYMENT", "universe": "Population", "dataset": 2, "stat_type": "number", "description": "Population by youth_unemployment_year, sex", "fields": "[\"youth_unemployment_year\", \"sex\"]", "denominator_key": null, "has_total": true, "value_type": "Integer"}}, {"model": "wazimap.fieldtable", "pk": 64, "fields": {"name": "CHILD_BIRTHS", "universe": "Population", "dataset": 3, "stat_type": "number", "description": "Population by child_births", "fields": "[\"child_births\"]", "denominator_key": null, "has_total": true, "value_type": "Integer"}}, {"model": "wazimap.fieldtable", "pk": 65, "fields": {"name": "GDP_PER_CAPITA_GROWTH", "universe": "Population", "dataset": 2, "stat_type": "number", "description": "Population by gdp_per_capita_growth_year", "fields": "[\"gdp_per_capita_growth_year\"]", "denominator_key": null, "has_total": true, "value_type": "Integer"}}, {"model": "wazimap.fieldtable", "pk": 66, "fields": {"name": "POPULATION_SEX_2011", "universe": "Population", "dataset": 6, "stat_type": "number", "description": "Population by population_sex_2011", "fields": "[\"population_sex_2011\"]", "denominator_key": null, "has_total": true, "value_type": "Integer"}}, {"model": "wazimap.fieldtable", "pk": 67, "fields": {"name": "WOMEN_IN_GOVERNMENT", "universe": "Women in Government", "dataset": 2, "stat_type": "number", "description": "Women in Government by position", "fields": "[\"position\"]", "denominator_key": null, "has_total": true, "value_type": "Integer"}}, {"model": "wazimap.fieldtable", "pk": 68, "fields": {"name": "WOMEN_IN_PARLIAMENT", "universe": "Women in Parliament", "dataset": 2, "stat_type": "number", "description": "Women in Parliament by women_parliament_year", "fields": "[\"women_parliament_year\"]", "denominator_key": null, "has_total": true, "value_type": "Integer"}}, {"model": "wazimap.fieldtable", "pk": 69, "fields": {"name": "INFANT_UNDER5_MORTALITY", "universe": "Infant Under 5 Mortality", "dataset": 2, "stat_type": "number", "description": "Infant Under 5 Mortality by mortality_year, infant_under5", "fields": "[\"mortality_year\", \"infant_under5\"]", "denominator_key": null, "has_total": true, "value_type": "Integer"}}, {"model": "wazimap.fieldtable", "pk": 70, "fields": {"name": "EMPLOYMENT_IN_AGRICULTURE", "universe": "Employment in Agriculture", "dataset": 2, "stat_type": "number", "description": "Employment in Agriculture by employment_in_agriculture_year, sex", "fields": "[\"employment_in_agriculture_year\", \"sex\"]", "denominator_key": null, "has_total": true, "value_type": "Integer"}}, {"model": "wazimap.fieldtable", "pk": 71, "fields": {"name": "HEALTH_WORKERS_DISTRIBUTION", "universe": "Health Workers Distribution", "dataset": 3, "stat_type": "number", "description": "Health Workers Distribution by year, workers", "fields": "[\"year\", \"workers\"]", "denominator_key": null, "has_total": true, "value_type": "Integer"}}, {"model": "wazimap.fieldtable", "pk": 72, "fields": {"name": "POPULATION_SEX_YEAR", "universe": "Population By Sex", "dataset": 6, "stat_type": "number", "description": "Population By Sex by population_year, population_sex", "fields": "[\"population_year\", \"population_sex\"]", "denominator_key": null, "has_total": true, "value_type": "Integer"}}, {"model": "wazimap.fieldtable", "pk": 73, "fields": {"name": "SENIOR_SECONDARY_SCHOOL_ENROLLMENT", "universe": "Education 2018", "dataset": 1, "stat_type": "number", "description": "Education 2018 by sex, senior_secondary_school_enrollment_year", "fields": "[\"sex\", \"senior_secondary_school_enrollment_year\"]", "denominator_key": null, "has_total": true, "value_type": "Integer"}}, {"model": "wazimap.fieldtable", "pk": 74, "fields": {"name": "PRIMARY_SCHOOL_ENROLLMENT_DISTRIBUTION", "universe": "Education 2018", "dataset": 1, "stat_type": "number", "description": "Education 2018 by sex, primary_secondary_school_enrollment_year", "fields": "[\"sex\", \"primary_school_enrollment_year\"]", "denominator_key": null, "has_total": true, "value_type": "Integer"}}, {"model": "wazimap.fieldtable", "pk": 75, "fields": {"name": "JUNIOR_SECONDARY_SCHOOL_ENROLLMENT", "universe": "Education 2018", "dataset": 1, "stat_type": "number", "description": "Education 2018 by sex, junior_secondary_school_enrollment_year", "fields": "[\"sex\", \"junior_secondary_school_enrollment_year\"]", "denominator_key": null, "has_total": true, "value_type": "Integer"}}, {"model": "wazimap.fieldtable", "pk": 76, "fields": {"name": "PRIMARY_EDUCATION_COMPLETION_SEX", "universe": "Education 2018", "dataset": 1, "stat_type": "number", "description": "Education 2018 by primary_education_completion_sex", "fields": "[\"primary_education_completion_sex\"]", "denominator_key": null, "has_total": true, "value_type": "Float"}}, {"model": "wazimap.fieldtable", "pk": 77, "fields": {"name": "NUMBER_OF_DENTIST_YEAR_SEX", "universe": "Health 2018", "dataset": 3, "stat_type": "number", "description": "Health 2018 by number_of_dentist_sex, number_of_dentist_year", "fields": "[\"number_of_dentist_sex\", \"number_of_dentist_year\"]", "denominator_key": null, "has_total": true, "value_type": "Integer"}}, {"model": "wazimap.fieldtable", "pk": 78, "fields": {"name": "NUMBER_OF_DOCTORS_YEAR_SEX", "universe": "Health 2018", "dataset": 3, "stat_type": "number", "description": "Health 2018 by number_of_doctors_sex, number_of_doctors_year", "fields": "[\"number_of_doctors_sex\", \"number_of_doctors_year\"]", "denominator_key": null, "has_total": true, "value_type": "Integer"}}, {"model": "wazimap.fieldtable", "pk": 79, "fields": {"name": "PREVALENCE_FGM", "universe": "Health 2018", "dataset": 3, "stat_type": "number", "description": "Health 2018 by prevalence_fgm", "fields": "[\"prevalence_fgm\"]", "denominator_key": null, "has_total": true, "value_type": "Float"}}, {"model": "wazimap.fieldtable", "pk": 80, "fields": {"name": "HIV_PATIENTS_DISTRIBUTION", "universe": "Health 2018", "dataset": 3, "stat_type": "number", "description": "Health 2018 by hiv_patients_distribution_year, sex", "fields": "[\"hiv_patients_distribution_year\", \"sex\"]", "denominator_key": null, "has_total": true, "value_type": "Integer"}}, {"model": "wazimap.fieldtable", "pk": 81, "fields": {"name": "MALARIA_PREVALENCE", "universe": "Health 2018", "dataset": 3, "stat_type": "number", "description": "Health 2018 by malaria_prevalence_test", "fields": "[\"malaria_prevalence_test\"]", "denominator_key": null, "has_total": true, "value_type": "Integer"}}, {"model": "wazimap.fieldtable", "pk": 82, "fields": {"name": "LITERACY_SEX", "universe": "Education 2018", "dataset": 1, "stat_type": "number", "description": "Education 2018 by sex", "fields": "[\"sex\"]", "denominator_key": null, "has_total": true, "value_type": "Float"}}, {"model": "wazimap.fieldtable", "pk": 83, "fields": {"name": "ACCESS_TO_ELEC_WATER_SERVICES", "universe": "Access to Basic Need", "dataset": 9, "stat_type": "number", "description": "Access to Basic Need by access_to_elec_water_services", "fields": "[\"access_to_elec_water_services\"]", "denominator_key": null, "has_total": true, "value_type": "Float"}}, {"model": "wazimap.fieldtable", "pk": 84, "fields": {"name": "ACCOUNT_OWNERSHIP_INDICATOR", "universe": "Account Ownership Indicator", "dataset": 14, "stat_type": "number", "description": "Account Ownership Indicator by account_ownership_year", "fields": "[\"account_ownership_year\"]", "denominator_key": null, "has_total": true, "value_type": "Float"}}, {"model": "wazimap.fieldtable", "pk": 85, "fields": {"name": "HUMAN_DEV_INDICES", "universe": "Social Welfare", "dataset": 9, "stat_type": "number", "description": "Social Welfare by human_dev_indices", "fields": "[\"human_dev_indices\"]", "denominator_key": null, "has_total": true, "value_type": "Float"}}, {"model": "wazimap.fieldtable", "pk": 86, "fields": {"name": "YOUTH_UNEMPLOYMENT_GENERAL", "universe": "Social Welfare, 2018", "dataset": 9, "stat_type": "number", "description": "Social Welfare, 2018 by youth_unemployment_period", "fields": "[\"youth_unemployment_period\"]", "denominator_key": null, "has_total": true, "value_type": "Float"}}, {"model": "wazimap.fieldtablerelease", "pk": 1, "fields": {"data_table": 1, "db_table": 1, "release": 1}}, {"model": "wazimap.fieldtablerelease", "pk": 2, "fields": {"data_table": 2, "db_table": 2, "release": 2}}, {"model": "wazimap.fieldtablerelease", "pk": 3, "fields": {"data_table": 3, "db_table": 3, "release": 2}}, {"model": "wazimap.fieldtablerelease", "pk": 4, "fields": {"data_table": 4, "db_table": 4, "release": 2}}, {"model": "wazimap.fieldtablerelease", "pk": 5, "fields": {"data_table": 5, "db_table": 5, "release": 2}}, {"model": "wazimap.fieldtablerelease", "pk": 6, "fields": {"data_table": 6, "db_table": 6, "release": 2}}, {"model": "wazimap.fieldtablerelease", "pk": 7, "fields": {"data_table": 7, "db_table": 7, "release": 3}}, {"model": "wazimap.fieldtablerelease", "pk": 8, "fields": {"data_table": 8, "db_table": 8, "release": 3}}, {"model": "wazimap.fieldtablerelease", "pk": 9, "fields": {"data_table": 9, "db_table": 9, "release": 2}}, {"model": "wazimap.fieldtablerelease", "pk": 10, "fields": {"data_table": 10, "db_table": 10, "release": 2}}, {"model": "wazimap.fieldtablerelease", "pk": 11, "fields": {"data_table": 11, "db_table": 11, "release": 4}}, {"model": "wazimap.fieldtablerelease", "pk": 12, "fields": {"data_table": 12, "db_table": 12, "release": 3}}, {"model": "wazimap.fieldtablerelease", "pk": 13, "fields": {"data_table": 13, "db_table": 13, "release": 5}}, {"model": "wazimap.fieldtablerelease", "pk": 14, "fields": {"data_table": 14, "db_table": 14, "release": 6}}, {"model": "wazimap.fieldtablerelease", "pk": 15, "fields": {"data_table": 15, "db_table": 15, "release": 7}}, {"model": "wazimap.fieldtablerelease", "pk": 16, "fields": {"data_table": 16, "db_table": 16, "release": 2}}, {"model": "wazimap.fieldtablerelease", "pk": 17, "fields": {"data_table": 17, "db_table": 17, "release": 8}}, {"model": "wazimap.fieldtablerelease", "pk": 18, "fields": {"data_table": 18, "db_table": 18, "release": 3}}, {"model": "wazimap.fieldtablerelease", "pk": 19, "fields": {"data_table": 19, "db_table": 19, "release": 9}}, {"model": "wazimap.fieldtablerelease", "pk": 20, "fields": {"data_table": 20, "db_table": 20, "release": 3}}, {"model": "wazimap.fieldtablerelease", "pk": 21, "fields": {"data_table": 21, "db_table": 21, "release": 2}}, {"model": "wazimap.fieldtablerelease", "pk": 22, "fields": {"data_table": 22, "db_table": 22, "release": 2}}, {"model": "wazimap.fieldtablerelease", "pk": 23, "fields": {"data_table": 23, "db_table": 23, "release": 10}}, {"model": "wazimap.fieldtablerelease", "pk": 24, "fields": {"data_table": 24, "db_table": 24, "release": 2}}, {"model": "wazimap.fieldtablerelease", "pk": 25, "fields": {"data_table": 25, "db_table": 25, "release": 2}}, {"model": "wazimap.fieldtablerelease", "pk": 26, "fields": {"data_table": 26, "db_table": 26, "release": 3}}, {"model": "wazimap.fieldtablerelease", "pk": 27, "fields": {"data_table": 27, "db_table": 27, "release": 2}}, {"model": "wazimap.fieldtablerelease", "pk": 28, "fields": {"data_table": 28, "db_table": 28, "release": 11}}, {"model": "wazimap.fieldtablerelease", "pk": 29, "fields": {"data_table": 29, "db_table": 29, "release": 12}}, {"model": "wazimap.fieldtablerelease", "pk": 30, "fields": {"data_table": 30, "db_table": 30, "release": 13}}, {"model": "wazimap.fieldtablerelease", "pk": 31, "fields": {"data_table": 31, "db_table": 31, "release": 2}}, {"model": "wazimap.fieldtablerelease", "pk": 32, "fields": {"data_table": 32, "db_table": 32, "release": 5}}, {"model": "wazimap.fieldtablerelease", "pk": 33, "fields": {"data_table": 33, "db_table": 33, "release": 3}}, {"model": "wazimap.fieldtablerelease", "pk": 34, "fields": {"data_table": 34, "db_table": 34, "release": 2}}, {"model": "wazimap.fieldtablerelease", "pk": 35, "fields": {"data_table": 35, "db_table": 35, "release": 3}}, {"model": "wazimap.fieldtablerelease", "pk": 36, "fields": {"data_table": 36, "db_table": 36, "release": 3}}, {"model": "wazimap.fieldtablerelease", "pk": 37, "fields": {"data_table": 37, "db_table": 37, "release": 2}}, {"model": "wazimap.fieldtablerelease", "pk": 38, "fields": {"data_table": 38, "db_table": 38, "release": 14}}, {"model": "wazimap.fieldtablerelease", "pk": 39, "fields": {"data_table": 39, "db_table": 39, "release": 2}}, {"model": "wazimap.fieldtablerelease", "pk": 40, "fields": {"data_table": 40, "db_table": 40, "release": 2}}, {"model": "wazimap.fieldtablerelease", "pk": 41, "fields": {"data_table": 41, "db_table": 41, "release": 2}}, {"model": "wazimap.fieldtablerelease", "pk": 42, "fields": {"data_table": 42, "db_table": 42, "release": 15}}, {"model": "wazimap.fieldtablerelease", "pk": 43, "fields": {"data_table": 43, "db_table": 43, "release": 2}}, {"model": "wazimap.fieldtablerelease", "pk": 44, "fields": {"data_table": 44, "db_table": 44, "release": 13}}, {"model": "wazimap.fieldtablerelease", "pk": 45, "fields": {"data_table": 45, "db_table": 45, "release": 11}}, {"model": "wazimap.fieldtablerelease", "pk": 46, "fields": {"data_table": 46, "db_table": 46, "release": 2}}, {"model": "wazimap.fieldtablerelease", "pk": 47, "fields": {"data_table": 47, "db_table": 47, "release": 9}}, {"model": "wazimap.fieldtablerelease", "pk": 48, "fields": {"data_table": 48, "db_table": 48, "release": 9}}, {"model": "wazimap.fieldtablerelease", "pk": 49, "fields": {"data_table": 49, "db_table": 49, "release": 2}}, {"model": "wazimap.fieldtablerelease", "pk": 50, "fields": {"data_table": 50, "db_table": 50, "release": 2}}, {"model": "wazimap.fieldtablerelease", "pk": 51, "fields": {"data_table": 51, "db_table": 51, "release": 16}}, {"model": "wazimap.fieldtablerelease", "pk": 52, "fields": {"data_table": 52, "db_table": 52, "release": 1}}, {"model": "wazimap.fieldtablerelease", "pk": 53, "fields": {"data_table": 53, "db_table": 53, "release": 10}}, {"model": "wazimap.fieldtablerelease", "pk": 54, "fields": {"data_table": 54, "db_table": 54, "release": 2}}, {"model": "wazimap.fieldtablerelease", "pk": 55, "fields": {"data_table": 55, "db_table": 55, "release": 17}}, {"model": "wazimap.fieldtablerelease", "pk": 56, "fields": {"data_table": 56, "db_table": 56, "release": 6}}, {"model": "wazimap.fieldtablerelease", "pk": 57, "fields": {"data_table": 57, "db_table": 57, "release": 7}}, {"model": "wazimap.fieldtablerelease", "pk": 58, "fields": {"data_table": 58, "db_table": 58, "release": 3}}, {"model": "wazimap.fieldtablerelease", "pk": 59, "fields": {"data_table": 59, "db_table": 59, "release": 2}}, {"model": "wazimap.fieldtablerelease", "pk": 60, "fields": {"data_table": 60, "db_table": 60, "release": 3}}, {"model": "wazimap.fieldtablerelease", "pk": 61, "fields": {"data_table": 61, "db_table": 61, "release": 2}}, {"model": "wazimap.fieldtablerelease", "pk": 62, "fields": {"data_table": 62, "db_table": 62, "release": 3}}, {"model": "wazimap.fieldtablerelease", "pk": 63, "fields": {"data_table": 63, "db_table": 63, "release": 2}}, {"model": "wazimap.fieldtablerelease", "pk": 64, "fields": {"data_table": 64, "db_table": 64, "release": 3}}, {"model": "wazimap.fieldtablerelease", "pk": 65, "fields": {"data_table": 65, "db_table": 65, "release": 2}}, {"model": "wazimap.fieldtablerelease", "pk": 66, "fields": {"data_table": 66, "db_table": 66, "release": 18}}, {"model": "wazimap.fieldtablerelease", "pk": 67, "fields": {"data_table": 67, "db_table": 68, "release": 2}}, {"model": "wazimap.fieldtablerelease", "pk": 68, "fields": {"data_table": 68, "db_table": 69, "release": 2}}, {"model": "wazimap.fieldtablerelease", "pk": 69, "fields": {"data_table": 69, "db_table": 71, "release": 2}}, {"model": "wazimap.fieldtablerelease", "pk": 70, "fields": {"data_table": 70, "db_table": 72, "release": 2}}, {"model": "wazimap.fieldtablerelease", "pk": 71, "fields": {"data_table": 71, "db_table": 70, "release": 3}}, {"model": "wazimap.fieldtablerelease", "pk": 72, "fields": {"data_table": 72, "db_table": 73, "release": 19}}, {"model": "wazimap.fieldtablerelease", "pk": 73, "fields": {"data_table": 73, "db_table": 75, "release": 20}}, {"model": "wazimap.fieldtablerelease", "pk": 74, "fields": {"data_table": 74, "db_table": 78, "release": 20}}, {"model": "wazimap.fieldtablerelease", "pk": 75, "fields": {"data_table": 75, "db_table": 74, "release": 20}}, {"model": "wazimap.fieldtablerelease", "pk": 76, "fields": {"data_table": 76, "db_table": 81, "release": 20}}, {"model": "wazimap.fieldtablerelease", "pk": 77, "fields": {"data_table": 77, "db_table": 79, "release": 21}}, {"model": "wazimap.fieldtablerelease", "pk": 78, "fields": {"data_table": 78, "db_table": 80, "release": 21}}, {"model": "wazimap.fieldtablerelease", "pk": 79, "fields": {"data_table": 79, "db_table": 84, "release": 21}}, {"model": "wazimap.fieldtablerelease", "pk": 80, "fields": {"data_table": 80, "db_table": 83, "release": 21}}, {"model": "wazimap.fieldtablerelease", "pk": 81, "fields": {"data_table": 81, "db_table": 82, "release": 21}}, {"model": "wazimap.fieldtablerelease", "pk": 82, "fields": {"data_table": 82, "db_table": 85, "release": 20}}, {"model": "wazimap.fieldtablerelease", "pk": 83, "fields": {"data_table": 83, "db_table": 87, "release": 22}}, {"model": "wazimap.fieldtablerelease", "pk": 84, "fields": {"data_table": 84, "db_table": 86, "release": 23}}, {"model": "wazimap.fieldtablerelease", "pk": 85, "fields": {"data_table": 85, "db_table": 88, "release": 22}}, {"model": "wazimap.fieldtablerelease", "pk": 86, "fields": {"data_table": 86, "db_table": 89, "release": 22}}, {"model": "sites.site", "pk": 1, "fields": {"domain": "example.com", "name": "example.com"}}, {"model": "wagtailcore.site", "pk": 1, "fields": {"hostname": "localhost", "port": 80, "site_name": null, "root_page": 2, "is_default_site": true}}, {"model": "wagtailcore.collection", "pk": 1, "fields": {"path": "0001", "depth": 1, "numchild": 0, "name": "Root"}}, {"model": "auth.permission", "pk": 1, "fields": {"name": "Can add image", "content_type": 2, "codename": "add_image"}}, {"model": "auth.permission", "pk": 2, "fields": {"name": "Can change image", "content_type": 2, "codename": "change_image"}}, {"model": "auth.permission", "pk": 3, "fields": {"name": "Can delete image", "content_type": 2, "codename": "delete_image"}}, {"model": "auth.permission", "pk": 4, "fields": {"name": "Can add document", "content_type": 3, "codename": "add_document"}}, {"model": "auth.permission", "pk": 5, "fields": {"name": "Can change document", "content_type": 3, "codename": "change_document"}}, {"model": "auth.permission", "pk": 6, "fields": {"name": "Can delete document", "content_type": 3, "codename": "delete_document"}}, {"model": "auth.permission", "pk": 7, "fields": {"name": "Can access Wagtail admin", "content_type": 4, "codename": "access_admin"}}, {"model": "auth.permission", "pk": 8, "fields": {"name": "Can add topic page", "content_type": 5, "codename": "add_topicpage"}}, {"model": "auth.permission", "pk": 9, "fields": {"name": "Can change topic page", "content_type": 5, "codename": "change_topicpage"}}, {"model": "auth.permission", "pk": 10, "fields": {"name": "Can delete topic page", "content_type": 5, "codename": "delete_topicpage"}}, {"model": "auth.permission", "pk": 11, "fields": {"name": "Can add topic page data indicators", "content_type": 6, "codename": "add_topicpagedataindicators"}}, {"model": "auth.permission", "pk": 12, "fields": {"name": "Can change topic page data indicators", "content_type": 6, "codename": "change_topicpagedataindicators"}}, {"model": "auth.permission", "pk": 13, "fields": {"name": "Can delete topic page data indicators", "content_type": 6, "codename": "delete_topicpagedataindicators"}}, {"model": "auth.permission", "pk": 14, "fields": {"name": "Can add profile page", "content_type": 7, "codename": "add_profilepage"}}, {"model": "auth.permission", "pk": 15, "fields": {"name": "Can change profile page", "content_type": 7, "codename": "change_profilepage"}}, {"model": "auth.permission", "pk": 16, "fields": {"name": "Can delete profile page", "content_type": 7, "codename": "delete_profilepage"}}, {"model": "auth.permission", "pk": 17, "fields": {"name": "Can add profile page sections", "content_type": 8, "codename": "add_profilepagesections"}}, {"model": "auth.permission", "pk": 18, "fields": {"name": "Can change profile page sections", "content_type": 8, "codename": "change_profilepagesections"}}, {"model": "auth.permission", "pk": 19, "fields": {"name": "Can delete profile page sections", "content_type": 8, "codename": "delete_profilepagesections"}}, {"model": "auth.permission", "pk": 20, "fields": {"name": "Can add profile section page", "content_type": 9, "codename": "add_profilesectionpage"}}, {"model": "auth.permission", "pk": 21, "fields": {"name": "Can change profile section page", "content_type": 9, "codename": "change_profilesectionpage"}}, {"model": "auth.permission", "pk": 22, "fields": {"name": "Can delete profile section page", "content_type": 9, "codename": "delete_profilesectionpage"}}, {"model": "auth.permission", "pk": 23, "fields": {"name": "Can add about page", "content_type": 10, "codename": "add_aboutpage"}}, {"model": "auth.permission", "pk": 24, "fields": {"name": "Can change about page", "content_type": 10, "codename": "change_aboutpage"}}, {"model": "auth.permission", "pk": 25, "fields": {"name": "Can delete about page", "content_type": 10, "codename": "delete_aboutpage"}}, {"model": "auth.permission", "pk": 26, "fields": {"name": "Can add Contact Us | Key Contacts", "content_type": 11, "codename": "add_keycontacts"}}, {"model": "auth.permission", "pk": 27, "fields": {"name": "Can change Contact Us | Key Contacts", "content_type": 11, "codename": "change_keycontacts"}}, {"model": "auth.permission", "pk": 28, "fields": {"name": "Can delete Contact Us | Key Contacts", "content_type": 11, "codename": "delete_keycontacts"}}, {"model": "auth.permission", "pk": 29, "fields": {"name": "Can add Contact Us | Social Media", "content_type": 12, "codename": "add_socialmedia"}}, {"model": "auth.permission", "pk": 30, "fields": {"name": "Can change Contact Us | Social Media", "content_type": 12, "codename": "change_socialmedia"}}, {"model": "auth.permission", "pk": 31, "fields": {"name": "Can delete Contact Us | Social Media", "content_type": 12, "codename": "delete_socialmedia"}}, {"model": "auth.permission", "pk": 32, "fields": {"name": "Can add faq", "content_type": 13, "codename": "add_faq"}}, {"model": "auth.permission", "pk": 33, "fields": {"name": "Can change faq", "content_type": 13, "codename": "change_faq"}}, {"model": "auth.permission", "pk": 34, "fields": {"name": "Can delete faq", "content_type": 13, "codename": "delete_faq"}}, {"model": "auth.permission", "pk": 35, "fields": {"name": "Can add explainer steps", "content_type": 14, "codename": "add_explainersteps"}}, {"model": "auth.permission", "pk": 36, "fields": {"name": "Can change explainer steps", "content_type": 14, "codename": "change_explainersteps"}}, {"model": "auth.permission", "pk": 37, "fields": {"name": "Can delete explainer steps", "content_type": 14, "codename": "delete_explainersteps"}}, {"model": "auth.permission", "pk": 38, "fields": {"name": "Can add testimonial", "content_type": 15, "codename": "add_testimonial"}}, {"model": "auth.permission", "pk": 39, "fields": {"name": "Can change testimonial", "content_type": 15, "codename": "change_testimonial"}}, {"model": "auth.permission", "pk": 40, "fields": {"name": "Can delete testimonial", "content_type": 15, "codename": "delete_testimonial"}}, {"model": "auth.permission", "pk": 41, "fields": {"name": "Can add Social Media", "content_type": 16, "codename": "add_socialmediasetting"}}, {"model": "auth.permission", "pk": 42, "fields": {"name": "Can change Social Media", "content_type": 16, "codename": "change_socialmediasetting"}}, {"model": "auth.permission", "pk": 43, "fields": {"name": "Can delete Social Media", "content_type": 16, "codename": "delete_socialmediasetting"}}, {"model": "auth.permission", "pk": 44, "fields": {"name": "Can add Support", "content_type": 17, "codename": "add_supportsetting"}}, {"model": "auth.permission", "pk": 45, "fields": {"name": "Can change Support", "content_type": 17, "codename": "change_supportsetting"}}, {"model": "auth.permission", "pk": 46, "fields": {"name": "Can delete Support", "content_type": 17, "codename": "delete_supportsetting"}}, {"model": "auth.permission", "pk": 47, "fields": {"name": "Can add About Us", "content_type": 18, "codename": "add_aboutussetting"}}, {"model": "auth.permission", "pk": 48, "fields": {"name": "Can change About Us", "content_type": 18, "codename": "change_aboutussetting"}}, {"model": "auth.permission", "pk": 49, "fields": {"name": "Can delete About Us", "content_type": 18, "codename": "delete_aboutussetting"}}, {"model": "auth.permission", "pk": 50, "fields": {"name": "Can add Support Services", "content_type": 19, "codename": "add_supportservicessetting"}}, {"model": "auth.permission", "pk": 51, "fields": {"name": "Can change Support Services", "content_type": 19, "codename": "change_supportservicessetting"}}, {"model": "auth.permission", "pk": 52, "fields": {"name": "Can delete Support Services", "content_type": 19, "codename": "delete_supportservicessetting"}}, {"model": "auth.permission", "pk": 53, "fields": {"name": "Can add FAQs", "content_type": 20, "codename": "add_faqsetting"}}, {"model": "auth.permission", "pk": 54, "fields": {"name": "Can change FAQs", "content_type": 20, "codename": "change_faqsetting"}}, {"model": "auth.permission", "pk": 55, "fields": {"name": "Can delete FAQs", "content_type": 20, "codename": "delete_faqsetting"}}, {"model": "auth.permission", "pk": 56, "fields": {"name": "Can add Country Profiles", "content_type": 21, "codename": "add_countryprofilessetting"}}, {"model": "auth.permission", "pk": 57, "fields": {"name": "Can change Country Profiles", "content_type": 21, "codename": "change_countryprofilessetting"}}, {"model": "auth.permission", "pk": 58, "fields": {"name": "Can delete Country Profiles", "content_type": 21, "codename": "delete_countryprofilessetting"}}, {"model": "auth.permission", "pk": 59, "fields": {"name": "Can add index page", "content_type": 22, "codename": "add_indexpage"}}, {"model": "auth.permission", "pk": 60, "fields": {"name": "Can change index page", "content_type": 22, "codename": "change_indexpage"}}, {"model": "auth.permission", "pk": 61, "fields": {"name": "Can delete index page", "content_type": 22, "codename": "delete_indexpage"}}, {"model": "auth.permission", "pk": 62, "fields": {"name": "Can add search page", "content_type": 23, "codename": "add_searchpage"}}, {"model": "auth.permission", "pk": 63, "fields": {"name": "Can change search page", "content_type": 23, "codename": "change_searchpage"}}, {"model": "auth.permission", "pk": 64, "fields": {"name": "Can delete search page", "content_type": 23, "codename": "delete_searchpage"}}, {"model": "auth.permission", "pk": 65, "fields": {"name": "Can add Navigation", "content_type": 24, "codename": "add_navigationsetting"}}, {"model": "auth.permission", "pk": 66, "fields": {"name": "Can change Navigation", "content_type": 24, "codename": "change_navigationsetting"}}, {"model": "auth.permission", "pk": 67, "fields": {"name": "Can delete Navigation", "content_type": 24, "codename": "delete_navigationsetting"}}, {"model": "auth.permission", "pk": 68, "fields": {"name": "Can add contact page", "content_type": 25, "codename": "add_contactpage"}}, {"model": "auth.permission", "pk": 69, "fields": {"name": "Can change contact page", "content_type": 25, "codename": "change_contactpage"}}, {"model": "auth.permission", "pk": 70, "fields": {"name": "Can delete contact page", "content_type": 25, "codename": "delete_contactpage"}}, {"model": "auth.permission", "pk": 71, "fields": {"name": "Can add Data by Topic | HURUmap Data", "content_type": 26, "codename": "add_profiledata"}}, {"model": "auth.permission", "pk": 72, "fields": {"name": "Can change Data by Topic | HURUmap Data", "content_type": 26, "codename": "change_profiledata"}}, {"model": "auth.permission", "pk": 73, "fields": {"name": "Can delete Data by Topic | HURUmap Data", "content_type": 26, "codename": "delete_profiledata"}}, {"model": "auth.permission", "pk": 74, "fields": {"name": "Can add key contact", "content_type": 27, "codename": "add_keycontact"}}, {"model": "auth.permission", "pk": 75, "fields": {"name": "Can change key contact", "content_type": 27, "codename": "change_keycontact"}}, {"model": "auth.permission", "pk": 76, "fields": {"name": "Can delete key contact", "content_type": 27, "codename": "delete_keycontact"}}, {"model": "auth.permission", "pk": 77, "fields": {"name": "Can add social media account", "content_type": 28, "codename": "add_socialmediaaccount"}}, {"model": "auth.permission", "pk": 78, "fields": {"name": "Can change social media account", "content_type": 28, "codename": "change_socialmediaaccount"}}, {"model": "auth.permission", "pk": 79, "fields": {"name": "Can delete social media account", "content_type": 28, "codename": "delete_socialmediaaccount"}}, {"model": "auth.permission", "pk": 80, "fields": {"name": "Can add Data by Topic", "content_type": 29, "codename": "add_databytopicpage"}}, {"model": "auth.permission", "pk": 81, "fields": {"name": "Can change Data by Topic", "content_type": 29, "codename": "change_databytopicpage"}}, {"model": "auth.permission", "pk": 82, "fields": {"name": "Can delete Data by Topic", "content_type": 29, "codename": "delete_databytopicpage"}}, {"model": "auth.permission", "pk": 83, "fields": {"name": "Can add legal page", "content_type": 30, "codename": "add_legalpage"}}, {"model": "auth.permission", "pk": 84, "fields": {"name": "Can change legal page", "content_type": 30, "codename": "change_legalpage"}}, {"model": "auth.permission", "pk": 85, "fields": {"name": "Can delete legal page", "content_type": 30, "codename": "delete_legalpage"}}, {"model": "auth.permission", "pk": 86, "fields": {"name": "Can add data indicator", "content_type": 31, "codename": "add_dataindicator"}}, {"model": "auth.permission", "pk": 87, "fields": {"name": "Can change data indicator", "content_type": 31, "codename": "change_dataindicator"}}, {"model": "auth.permission", "pk": 88, "fields": {"name": "Can delete data indicator", "content_type": 31, "codename": "delete_dataindicator"}}, {"model": "auth.permission", "pk": 89, "fields": {"name": "Can add data topic", "content_type": 32, "codename": "add_datatopic"}}, {"model": "auth.permission", "pk": 90, "fields": {"name": "Can change data topic", "content_type": 32, "codename": "change_datatopic"}}, {"model": "auth.permission", "pk": 91, "fields": {"name": "Can delete data topic", "content_type": 32, "codename": "delete_datatopic"}}, {"model": "auth.permission", "pk": 92, "fields": {"name": "Can add data indicator publisher", "content_type": 33, "codename": "add_dataindicatorpublisher"}}, {"model": "auth.permission", "pk": 93, "fields": {"name": "Can change data indicator publisher", "content_type": 33, "codename": "change_dataindicatorpublisher"}}, {"model": "auth.permission", "pk": 94, "fields": {"name": "Can delete data indicator publisher", "content_type": 33, "codename": "delete_dataindicatorpublisher"}}, {"model": "auth.permission", "pk": 95, "fields": {"name": "Can add log entry", "content_type": 34, "codename": "add_logentry"}}, {"model": "auth.permission", "pk": 96, "fields": {"name": "Can change log entry", "content_type": 34, "codename": "change_logentry"}}, {"model": "auth.permission", "pk": 97, "fields": {"name": "Can delete log entry", "content_type": 34, "codename": "delete_logentry"}}, {"model": "auth.permission", "pk": 98, "fields": {"name": "Can add permission", "content_type": 35, "codename": "add_permission"}}, {"model": "auth.permission", "pk": 99, "fields": {"name": "Can change permission", "content_type": 35, "codename": "change_permission"}}, {"model": "auth.permission", "pk": 100, "fields": {"name": "Can delete permission", "content_type": 35, "codename": "delete_permission"}}, {"model": "auth.permission", "pk": 101, "fields": {"name": "Can add group", "content_type": 36, "codename": "add_group"}}, {"model": "auth.permission", "pk": 102, "fields": {"name": "Can change group", "content_type": 36, "codename": "change_group"}}, {"model": "auth.permission", "pk": 103, "fields": {"name": "Can delete group", "content_type": 36, "codename": "delete_group"}}, {"model": "auth.permission", "pk": 104, "fields": {"name": "Can add user", "content_type": 37, "codename": "add_user"}}, {"model": "auth.permission", "pk": 105, "fields": {"name": "Can change user", "content_type": 37, "codename": "change_user"}}, {"model": "auth.permission", "pk": 106, "fields": {"name": "Can delete user", "content_type": 37, "codename": "delete_user"}}, {"model": "auth.permission", "pk": 107, "fields": {"name": "Can add content type", "content_type": 38, "codename": "add_contenttype"}}, {"model": "auth.permission", "pk": 108, "fields": {"name": "Can change content type", "content_type": 38, "codename": "change_contenttype"}}, {"model": "auth.permission", "pk": 109, "fields": {"name": "Can delete content type", "content_type": 38, "codename": "delete_contenttype"}}, {"model": "auth.permission", "pk": 110, "fields": {"name": "Can add session", "content_type": 39, "codename": "add_session"}}, {"model": "auth.permission", "pk": 111, "fields": {"name": "Can change session", "content_type": 39, "codename": "change_session"}}, {"model": "auth.permission", "pk": 112, "fields": {"name": "Can delete session", "content_type": 39, "codename": "delete_session"}}, {"model": "auth.permission", "pk": 113, "fields": {"name": "Can add geography", "content_type": 40, "codename": "add_geography"}}, {"model": "auth.permission", "pk": 114, "fields": {"name": "Can change geography", "content_type": 40, "codename": "change_geography"}}, {"model": "auth.permission", "pk": 115, "fields": {"name": "Can delete geography", "content_type": 40, "codename": "delete_geography"}}, {"model": "auth.permission", "pk": 116, "fields": {"name": "Can add dataset", "content_type": 41, "codename": "add_dataset"}}, {"model": "auth.permission", "pk": 117, "fields": {"name": "Can change dataset", "content_type": 41, "codename": "change_dataset"}}, {"model": "auth.permission", "pk": 118, "fields": {"name": "Can delete dataset", "content_type": 41, "codename": "delete_dataset"}}, {"model": "auth.permission", "pk": 119, "fields": {"name": "Can add db table", "content_type": 42, "codename": "add_dbtable"}}, {"model": "auth.permission", "pk": 120, "fields": {"name": "Can change db table", "content_type": 42, "codename": "change_dbtable"}}, {"model": "auth.permission", "pk": 121, "fields": {"name": "Can delete db table", "content_type": 42, "codename": "delete_dbtable"}}, {"model": "auth.permission", "pk": 122, "fields": {"name": "Can add field table", "content_type": 43, "codename": "add_fieldtable"}}, {"model": "auth.permission", "pk": 123, "fields": {"name": "Can change field table", "content_type": 43, "codename": "change_fieldtable"}}, {"model": "auth.permission", "pk": 124, "fields": {"name": "Can delete field table", "content_type": 43, "codename": "delete_fieldtable"}}, {"model": "auth.permission", "pk": 125, "fields": {"name": "Can add field table release", "content_type": 44, "codename": "add_fieldtablerelease"}}, {"model": "auth.permission", "pk": 126, "fields": {"name": "Can change field table release", "content_type": 44, "codename": "change_fieldtablerelease"}}, {"model": "auth.permission", "pk": 127, "fields": {"name": "Can delete field table release", "content_type": 44, "codename": "delete_fieldtablerelease"}}, {"model": "auth.permission", "pk": 128, "fields": {"name": "Can add release", "content_type": 45, "codename": "add_release"}}, {"model": "auth.permission", "pk": 129, "fields": {"name": "Can change release", "content_type": 45, "codename": "change_release"}}, {"model": "auth.permission", "pk": 130, "fields": {"name": "Can delete release", "content_type": 45, "codename": "delete_release"}}, {"model": "auth.permission", "pk": 131, "fields": {"name": "Can add simple table", "content_type": 46, "codename": "add_simpletable"}}, {"model": "auth.permission", "pk": 132, "fields": {"name": "Can change simple table", "content_type": 46, "codename": "change_simpletable"}}, {"model": "auth.permission", "pk": 133, "fields": {"name": "Can delete simple table", "content_type": 46, "codename": "delete_simpletable"}}, {"model": "auth.permission", "pk": 134, "fields": {"name": "Can add simple table release", "content_type": 47, "codename": "add_simpletablerelease"}}, {"model": "auth.permission", "pk": 135, "fields": {"name": "Can change simple table release", "content_type": 47, "codename": "change_simpletablerelease"}}, {"model": "auth.permission", "pk": 136, "fields": {"name": "Can delete simple table release", "content_type": 47, "codename": "delete_simpletablerelease"}}, {"model": "auth.permission", "pk": 137, "fields": {"name": "Can add column", "content_type": 48, "codename": "add_column"}}, {"model": "auth.permission", "pk": 138, "fields": {"name": "Can change column", "content_type": 48, "codename": "change_column"}}, {"model": "auth.permission", "pk": 139, "fields": {"name": "Can delete column", "content_type": 48, "codename": "delete_column"}}, {"model": "auth.permission", "pk": 140, "fields": {"name": "Can add geography", "content_type": 49, "codename": "add_geography"}}, {"model": "auth.permission", "pk": 141, "fields": {"name": "Can change geography", "content_type": 49, "codename": "change_geography"}}, {"model": "auth.permission", "pk": 142, "fields": {"name": "Can delete geography", "content_type": 49, "codename": "delete_geography"}}, {"model": "auth.permission", "pk": 143, "fields": {"name": "Can add subject concept", "content_type": 50, "codename": "add_subjectconcept"}}, {"model": "auth.permission", "pk": 144, "fields": {"name": "Can change subject concept", "content_type": 50, "codename": "change_subjectconcept"}}, {"model": "auth.permission", "pk": 145, "fields": {"name": "Can delete subject concept", "content_type": 50, "codename": "delete_subjectconcept"}}, {"model": "auth.permission", "pk": 146, "fields": {"name": "Can add summary level", "content_type": 51, "codename": "add_summarylevel"}}, {"model": "auth.permission", "pk": 147, "fields": {"name": "Can change summary level", "content_type": 51, "codename": "change_summarylevel"}}, {"model": "auth.permission", "pk": 148, "fields": {"name": "Can delete summary level", "content_type": 51, "codename": "delete_summarylevel"}}, {"model": "auth.permission", "pk": 149, "fields": {"name": "Can add table", "content_type": 52, "codename": "add_table"}}, {"model": "auth.permission", "pk": 150, "fields": {"name": "Can change table", "content_type": 52, "codename": "change_table"}}, {"model": "auth.permission", "pk": 151, "fields": {"name": "Can delete table", "content_type": 52, "codename": "delete_table"}}, {"model": "auth.permission", "pk": 152, "fields": {"name": "Can add site", "content_type": 53, "codename": "add_site"}}, {"model": "auth.permission", "pk": 153, "fields": {"name": "Can change site", "content_type": 53, "codename": "change_site"}}, {"model": "auth.permission", "pk": 154, "fields": {"name": "Can delete site", "content_type": 53, "codename": "delete_site"}}, {"model": "auth.permission", "pk": 155, "fields": {"name": "Can add form submission", "content_type": 54, "codename": "add_formsubmission"}}, {"model": "auth.permission", "pk": 156, "fields": {"name": "Can change form submission", "content_type": 54, "codename": "change_formsubmission"}}, {"model": "auth.permission", "pk": 157, "fields": {"name": "Can delete form submission", "content_type": 54, "codename": "delete_formsubmission"}}, {"model": "auth.permission", "pk": 158, "fields": {"name": "Can add redirect", "content_type": 55, "codename": "add_redirect"}}, {"model": "auth.permission", "pk": 159, "fields": {"name": "Can change redirect", "content_type": 55, "codename": "change_redirect"}}, {"model": "auth.permission", "pk": 160, "fields": {"name": "Can delete redirect", "content_type": 55, "codename": "delete_redirect"}}, {"model": "auth.permission", "pk": 161, "fields": {"name": "Can add embed", "content_type": 56, "codename": "add_embed"}}, {"model": "auth.permission", "pk": 162, "fields": {"name": "Can change embed", "content_type": 56, "codename": "change_embed"}}, {"model": "auth.permission", "pk": 163, "fields": {"name": "Can delete embed", "content_type": 56, "codename": "delete_embed"}}, {"model": "auth.permission", "pk": 164, "fields": {"name": "Can add user profile", "content_type": 57, "codename": "add_userprofile"}}, {"model": "auth.permission", "pk": 165, "fields": {"name": "Can change user profile", "content_type": 57, "codename": "change_userprofile"}}, {"model": "auth.permission", "pk": 166, "fields": {"name": "Can delete user profile", "content_type": 57, "codename": "delete_userprofile"}}, {"model": "auth.permission", "pk": 167, "fields": {"name": "Can add rendition", "content_type": 58, "codename": "add_rendition"}}, {"model": "auth.permission", "pk": 168, "fields": {"name": "Can change rendition", "content_type": 58, "codename": "change_rendition"}}, {"model": "auth.permission", "pk": 169, "fields": {"name": "Can delete rendition", "content_type": 58, "codename": "delete_rendition"}}, {"model": "auth.permission", "pk": 170, "fields": {"name": "Can add query", "content_type": 59, "codename": "add_query"}}, {"model": "auth.permission", "pk": 171, "fields": {"name": "Can change query", "content_type": 59, "codename": "change_query"}}, {"model": "auth.permission", "pk": 172, "fields": {"name": "Can delete query", "content_type": 59, "codename": "delete_query"}}, {"model": "auth.permission", "pk": 173, "fields": {"name": "Can add Query Daily Hits", "content_type": 60, "codename": "add_querydailyhits"}}, {"model": "auth.permission", "pk": 174, "fields": {"name": "Can change Query Daily Hits", "content_type": 60, "codename": "change_querydailyhits"}}, {"model": "auth.permission", "pk": 175, "fields": {"name": "Can delete Query Daily Hits", "content_type": 60, "codename": "delete_querydailyhits"}}, {"model": "auth.permission", "pk": 176, "fields": {"name": "Can add page", "content_type": 1, "codename": "add_page"}}, {"model": "auth.permission", "pk": 177, "fields": {"name": "Can change page", "content_type": 1, "codename": "change_page"}}, {"model": "auth.permission", "pk": 178, "fields": {"name": "Can delete page", "content_type": 1, "codename": "delete_page"}}, {"model": "auth.permission", "pk": 179, "fields": {"name": "Can add group page permission", "content_type": 61, "codename": "add_grouppagepermission"}}, {"model": "auth.permission", "pk": 180, "fields": {"name": "Can change group page permission", "content_type": 61, "codename": "change_grouppagepermission"}}, {"model": "auth.permission", "pk": 181, "fields": {"name": "Can delete group page permission", "content_type": 61, "codename": "delete_grouppagepermission"}}, {"model": "auth.permission", "pk": 182, "fields": {"name": "Can add page revision", "content_type": 62, "codename": "add_pagerevision"}}, {"model": "auth.permission", "pk": 183, "fields": {"name": "Can change page revision", "content_type": 62, "codename": "change_pagerevision"}}, {"model": "auth.permission", "pk": 184, "fields": {"name": "Can delete page revision", "content_type": 62, "codename": "delete_pagerevision"}}, {"model": "auth.permission", "pk": 185, "fields": {"name": "Can add page view restriction", "content_type": 63, "codename": "add_pageviewrestriction"}}, {"model": "auth.permission", "pk": 186, "fields": {"name": "Can change page view restriction", "content_type": 63, "codename": "change_pageviewrestriction"}}, {"model": "auth.permission", "pk": 187, "fields": {"name": "Can delete page view restriction", "content_type": 63, "codename": "delete_pageviewrestriction"}}, {"model": "auth.permission", "pk": 188, "fields": {"name": "Can add site", "content_type": 64, "codename": "add_site"}}, {"model": "auth.permission", "pk": 189, "fields": {"name": "Can change site", "content_type": 64, "codename": "change_site"}}, {"model": "auth.permission", "pk": 190, "fields": {"name": "Can delete site", "content_type": 64, "codename": "delete_site"}}, {"model": "auth.permission", "pk": 191, "fields": {"name": "Can add collection", "content_type": 65, "codename": "add_collection"}}, {"model": "auth.permission", "pk": 192, "fields": {"name": "Can change collection", "content_type": 65, "codename": "change_collection"}}, {"model": "auth.permission", "pk": 193, "fields": {"name": "Can delete collection", "content_type": 65, "codename": "delete_collection"}}, {"model": "auth.permission", "pk": 194, "fields": {"name": "Can add group collection permission", "content_type": 66, "codename": "add_groupcollectionpermission"}}, {"model": "auth.permission", "pk": 195, "fields": {"name": "Can change group collection permission", "content_type": 66, "codename": "change_groupcollectionpermission"}}, {"model": "auth.permission", "pk": 196, "fields": {"name": "Can delete group collection permission", "content_type": 66, "codename": "delete_groupcollectionpermission"}}, {"model": "auth.permission", "pk": 197, "fields": {"name": "Can add collection view restriction", "content_type": 67, "codename": "add_collectionviewrestriction"}}, {"model": "auth.permission", "pk": 198, "fields": {"name": "Can change collection view restriction", "content_type": 67, "codename": "change_collectionviewrestriction"}}, {"model": "auth.permission", "pk": 199, "fields": {"name": "Can delete collection view restriction", "content_type": 67, "codename": "delete_collectionviewrestriction"}}, {"model": "auth.permission", "pk": 200, "fields": {"name": "Can add Tag", "content_type": 68, "codename": "add_tag"}}, {"model": "auth.permission", "pk": 201, "fields": {"name": "Can change Tag", "content_type": 68, "codename": "change_tag"}}, {"model": "auth.permission", "pk": 202, "fields": {"name": "Can delete Tag", "content_type": 68, "codename": "delete_tag"}}, {"model": "auth.permission", "pk": 203, "fields": {"name": "Can add Tagged Item", "content_type": 69, "codename": "add_taggeditem"}}, {"model": "auth.permission", "pk": 204, "fields": {"name": "Can change Tagged Item", "content_type": 69, "codename": "change_taggeditem"}}, {"model": "auth.permission", "pk": 205, "fields": {"name": "Can delete Tagged Item", "content_type": 69, "codename": "delete_taggeditem"}}, {"model": "auth.permission", "pk": 206, "fields": {"name": "Can add email address", "content_type": 70, "codename": "add_emailaddress"}}, {"model": "auth.permission", "pk": 207, "fields": {"name": "Can change email address", "content_type": 70, "codename": "change_emailaddress"}}, {"model": "auth.permission", "pk": 208, "fields": {"name": "Can delete email address", "content_type": 70, "codename": "delete_emailaddress"}}, {"model": "auth.permission", "pk": 209, "fields": {"name": "Can add email confirmation", "content_type": 71, "codename": "add_emailconfirmation"}}, {"model": "auth.permission", "pk": 210, "fields": {"name": "Can change email confirmation", "content_type": 71, "codename": "change_emailconfirmation"}}, {"model": "auth.permission", "pk": 211, "fields": {"name": "Can delete email confirmation", "content_type": 71, "codename": "delete_emailconfirmation"}}, {"model": "auth.permission", "pk": 212, "fields": {"name": "Can add social account", "content_type": 72, "codename": "add_socialaccount"}}, {"model": "auth.permission", "pk": 213, "fields": {"name": "Can change social account", "content_type": 72, "codename": "change_socialaccount"}}, {"model": "auth.permission", "pk": 214, "fields": {"name": "Can delete social account", "content_type": 72, "codename": "delete_socialaccount"}}, {"model": "auth.permission", "pk": 215, "fields": {"name": "Can add social application", "content_type": 73, "codename": "add_socialapp"}}, {"model": "auth.permission", "pk": 216, "fields": {"name": "Can change social application", "content_type": 73, "codename": "change_socialapp"}}, {"model": "auth.permission", "pk": 217, "fields": {"name": "Can delete social application", "content_type": 73, "codename": "delete_socialapp"}}, {"model": "auth.permission", "pk": 218, "fields": {"name": "Can add social application token", "content_type": 74, "codename": "add_socialtoken"}}, {"model": "auth.permission", "pk": 219, "fields": {"name": "Can change social application token", "content_type": 74, "codename": "change_socialtoken"}}, {"model": "auth.permission", "pk": 220, "fields": {"name": "Can delete social application token", "content_type": 74, "codename": "delete_socialtoken"}}, {"model": "auth.permission", "pk": 221, "fields": {"name": "Can add home page", "content_type": 75, "codename": "add_homepage"}}, {"model": "auth.permission", "pk": 222, "fields": {"name": "Can change home page", "content_type": 75, "codename": "change_homepage"}}, {"model": "auth.permission", "pk": 223, "fields": {"name": "Can delete home page", "content_type": 75, "codename": "delete_homepage"}}, {"model": "auth.permission", "pk": 224, "fields": {"name": "Can add static page", "content_type": 76, "codename": "add_staticpage"}}, {"model": "auth.permission", "pk": 225, "fields": {"name": "Can change static page", "content_type": 76, "codename": "change_staticpage"}}, {"model": "auth.permission", "pk": 226, "fields": {"name": "Can delete static page", "content_type": 76, "codename": "delete_staticpage"}}, {"model": "takwimu.navigationsetting", "pk": 1, "fields": {"site": 1, "country_analysis": "<p>Lorem ipsum dolor sit amet, adipiscing elitauris con lorem ipsum dolor sit amet.</p>", "data_by_topic": "<p>Lorem ipsum dolor sit amet, adipiscing elitauris con lorem ipsum dolor sit amet.</p>"}}, {"model": "takwimu.countryprofilessetting", "pk": 1, "fields": {"site": 1, "BF": true, "CD": true, "ET": true, "KE": true, "NG": true, "SN": true, "ZA": true, "TZ": true, "UG": false, "ZM": false, "other_topics_in_title": "Other topics in", "read_next_title": "Read next...", "view_country_content": "[]"}}, {"model": "takwimu.faqsetting", "pk": 1, "fields": {"site": 1, "label": "FAQs", "title": "Frequently Asked Questions", "description": "Lorem ipsum dolor sit amet, consectetur adipiscing elit. Integer et lorem eros. Integer vel venenatis urna. Nam vestibulum felis vitae scelerisque imperdiet. Nulla nisl libero, vestibulum eu lorem at, consequat finibus libero. Ut tincidunt rutrum purus vitae interdum. Phasellus efficitur tincidunt lorem ut blandit.", "faqs": "[]"}}, {"model": "takwimu.socialmediasetting", "pk": 1, "fields": {"site": 1, "facebook": null, "github": null, "instagram": null, "linkedin": null, "medium": null, "twitter": null, "youtube": null}}, {"model": "takwimu.supportsetting", "pk": 1, "fields": {"site": 1, "hello": null, "support": null, "zendesk": null, "community": null, "address": null}}, {"model": "auth.group", "pk": 1, "fields": {"name": "Moderators", "permissions": [7, 4, 5, 6, 1, 2, 3]}}, {"model": "auth.group", "pk": 2, "fields": {"name": "Editors", "permissions": [7, 4, 5, 6, 1, 2, 3]}}, {"model": "auth.user", "pk": 1, "fields": {"password": "pbkdf2_sha256$36000$uiu4fmaWM7g1$fTqT0QMIZyoonT2EKAbzmmxmBSsC40HEL9S5rrpCiDM=", "last_login": "2019-07-12T08:35:35.541Z", "is_superuser": true, "username": "root", "first_name": "", "last_name": "", "email": "root@gmail.com", "is_staff": true, "is_active": true, "date_joined": "2019-07-12T08:34:51.093Z", "groups": [], "user_permissions": []}}, {"model": "wagtailcore.page", "pk": 1, "fields": {"path": "0001", "depth": 1, "numchild": 1, "title": "Root", "draft_title": "Root", "slug": "root", "content_type": 1, "live": true, "has_unpublished_changes": false, "url_path": "/", "owner": null, "seo_title": "", "show_in_menus": false, "search_description": "", "go_live_at": null, "expire_at": null, "expired": false, "locked": false, "first_published_at": null, "last_published_at": null, "latest_revision_created_at": null, "live_revision": null}}, {"model": "wagtailcore.page", "pk": 2, "fields": {"path": "00010001", "depth": 2, "numchild": 0, "title": "Welcome to your new Wagtail site!", "draft_title": "Welcome to your new Wagtail site!", "slug": "home", "content_type": 1, "live": true, "has_unpublished_changes": false, "url_path": "/home/", "owner": null, "seo_title": "", "show_in_menus": false, "search_description": "", "go_live_at": null, "expire_at": null, "expired": false, "locked": false, "first_published_at": null, "last_published_at": null, "latest_revision_created_at": null, "live_revision": null}}, {"model": "wagtailcore.grouppagepermission", "pk": 1, "fields": {"group": 1, "page": 1, "permission_type": "add"}}, {"model": "wagtailcore.grouppagepermission", "pk": 2, "fields": {"group": 1, "page": 1, "permission_type": "edit"}}, {"model": "wagtailcore.grouppagepermission", "pk": 3, "fields": {"group": 1, "page": 1, "permission_type": "publish"}}, {"model": "wagtailcore.grouppagepermission", "pk": 4, "fields": {"group": 2, "page": 1, "permission_type": "add"}}, {"model": "wagtailcore.grouppagepermission", "pk": 5, "fields": {"group": 2, "page": 1, "permission_type": "edit"}}, {"model": "wagtailcore.grouppagepermission", "pk": 6, "fields": {"group": 1, "page": 1, "permission_type": "lock"}}, {"model": "wagtailcore.groupcollectionpermission", "pk": 1, "fields": {"group": 1, "collection": 1, "permission": 1}}, {"model": "wagtailcore.groupcollectionpermission", "pk": 2, "fields": {"group": 2, "collection": 1, "permission": 1}}, {"model": "wagtailcore.groupcollectionpermission", "pk": 3, "fields": {"group": 1, "collection": 1, "permission": 2}}, {"model": "wagtailcore.groupcollectionpermission", "pk": 4, "fields": {"group": 2, "collection": 1, "permission": 2}}, {"model": "wagtailcore.groupcollectionpermission", "pk": 5, "fields": {"group": 1, "collection": 1, "permission": 4}}, {"model": "wagtailcore.groupcollectionpermission", "pk": 6, "fields": {"group": 2, "collection": 1, "permission": 4}}, {"model": "wagtailcore.groupcollectionpermission", "pk": 7, "fields": {"group": 1, "collection": 1, "permission": 5}}, {"model": "wagtailcore.groupcollectionpermission", "pk": 8, "fields": {"group": 2, "collection": 1, "permission": 5}}, {"model": "admin.logentry", "pk": 1, "fields": {"action_time": "2019-07-12T09:36:18.355Z", "user": 1, "content_type": 42, "object_id": "73", "object_repr": "DBTable<population_sex_year>", "action_flag": 1, "change_message": "[{\"added\": {}}]"}}, {"model": "admin.logentry", "pk": 2, "fields": {"action_time": "2019-07-12T09:42:57.879Z", "user": 1, "content_type": 45, "object_id": "19", "object_repr": "Census - 2016", "action_flag": 1, "change_message": "[{\"added\": {}}]"}}, {"model": "admin.logentry", "pk": 3, "fields": {"action_time": "2019-07-12T09:44:12.999Z", "user": 1, "content_type": 43, "object_id": "72", "object_repr": "population_year, population_sex", "action_flag": 1, "change_message": "[{\"added\": {}}, {\"added\": {\"name\": \"field table release\", \"object\": \"DBTable<population_sex_year> for population_year, population_sex in Census - 2016\"}}]"}}, {"model": "admin.logentry", "pk": 4, "fields": {"action_time": "2019-07-12T11:04:02.263Z", "user": 1, "content_type": 43, "object_id": "10", "object_repr": "maternal_mortality_year", "action_flag": 2, "change_message": "[{\"changed\": {\"fields\": [\"value_type\"]}}]"}}, {"model": "admin.logentry", "pk": 5, "fields": {"action_time": "2019-07-12T11:06:28.616Z", "user": 1, "content_type": 42, "object_id": "74", "object_repr": "DBTable<junior_secondary_school_enrollment>", "action_flag": 1, "change_message": "[{\"added\": {}}]"}}, {"model": "admin.logentry", "pk": 6, "fields": {"action_time": "2019-07-12T11:14:52.159Z", "user": 1, "content_type": 41, "object_id": "1", "object_repr": "Education", "action_flag": 2, "change_message": "[{\"added\": {\"name\": \"release\", \"object\": \"Education - 2018\"}}]"}}, {"model": "admin.logentry", "pk": 7, "fields": {"action_time": "2019-07-12T11:15:23.025Z", "user": 1, "content_type": 42, "object_id": "75", "object_repr": "DBTable<senior_secondary_school_enrollment>", "action_flag": 1, "change_message": "[{\"added\": {}}]"}}, {"model": "admin.logentry", "pk": 8, "fields": {"action_time": "2019-07-12T11:16:06.778Z", "user": 1, "content_type": 42, "object_id": "76", "object_repr": "DBTable<primary_secondary_school_enrollment_distribution>", "action_flag": 1, "change_message": "[{\"added\": {}}]"}}, {"model": "admin.logentry", "pk": 9, "fields": {"action_time": "2019-07-12T11:16:41.792Z", "user": 1, "content_type": 42, "object_id": "77", "object_repr": "DBTable<senior_secondary_school_enrollment_distribution>", "action_flag": 1, "change_message": "[{\"added\": {}}]"}}, {"model": "admin.logentry", "pk": 10, "fields": {"action_time": "2019-07-12T11:18:50.660Z", "user": 1, "content_type": 43, "object_id": "73", "object_repr": "sex, senior_secondary_school_enrollment_year", "action_flag": 1, "change_message": "[{\"added\": {}}, {\"added\": {\"name\": \"field table release\", \"object\": \"DBTable<senior_secondary_school_enrollment> for sex, senior_secondary_school_enrollment_year in Education - 2018\"}}]"}}, {"model": "admin.logentry", "pk": 11, "fields": {"action_time": "2019-07-12T11:20:09.668Z", "user": 1, "content_type": 42, "object_id": "78", "object_repr": "DBTable<primary_school_enrollment_distribution>", "action_flag": 1, "change_message": "[{\"added\": {}}]"}}, {"model": "admin.logentry", "pk": 12, "fields": {"action_time": "2019-07-12T11:20:22.750Z", "user": 1, "content_type": 43, "object_id": "74", "object_repr": "sex, primary_secondary_school_enrollment_year", "action_flag": 1, "change_message": "[{\"added\": {}}, {\"added\": {\"name\": \"field table release\", \"object\": \"DBTable<primary_school_enrollment_distribution> for sex, primary_secondary_school_enrollment_year in Education - 2018\"}}]"}}, {"model": "admin.logentry", "pk": 13, "fields": {"action_time": "2019-07-12T11:21:16.571Z", "user": 1, "content_type": 43, "object_id": "75", "object_repr": "sex, junior_secondary_school_enrollment_year", "action_flag": 1, "change_message": "[{\"added\": {}}, {\"added\": {\"name\": \"field table release\", \"object\": \"DBTable<junior_secondary_school_enrollment> for sex, junior_secondary_school_enrollment_year in Education - 2018\"}}]"}}, {"model": "admin.logentry", "pk": 14, "fields": {"action_time": "2019-07-12T11:21:58.276Z", "user": 1, "content_type": 42, "object_id": "76", "object_repr": "DBTable<primary_secondary_school_enrollment_distribution>", "action_flag": 3, "change_message": ""}}, {"model": "admin.logentry", "pk": 15, "fields": {"action_time": "2019-07-12T11:21:58.299Z", "user": 1, "content_type": 42, "object_id": "77", "object_repr": "DBTable<senior_secondary_school_enrollment_distribution>", "action_flag": 3, "change_message": ""}}, {"model": "admin.logentry", "pk": 16, "fields": {"action_time": "2019-07-12T11:36:23.332Z", "user": 1, "content_type": 43, "object_id": "74", "object_repr": "sex, primary_school_enrollment_year", "action_flag": 2, "change_message": "[{\"changed\": {\"fields\": [\"fields\"]}}]"}}, {"model": "admin.logentry", "pk": 17, "fields": {"action_time": "2019-07-12T12:03:21.136Z", "user": 1, "content_type": 43, "object_id": "4", "object_repr": "births_attended_by_skilled_health_staff_year", "action_flag": 2, "change_message": "[{\"changed\": {\"fields\": [\"value_type\"]}}]"}}, {"model": "admin.logentry", "pk": 18, "fields": {"action_time": "2019-07-12T12:34:57.062Z", "user": 1, "content_type": 41, "object_id": "3", "object_repr": "Health", "action_flag": 2, "change_message": "[{\"added\": {\"name\": \"release\", \"object\": \"Health - 2018\"}}]"}}, {"model": "admin.logentry", "pk": 19, "fields": {"action_time": "2019-07-12T12:35:23.886Z", "user": 1, "content_type": 42, "object_id": "79", "object_repr": "DBTable<number_of_dentist_year_sex>", "action_flag": 1, "change_message": "[{\"added\": {}}]"}}, {"model": "admin.logentry", "pk": 20, "fields": {"action_time": "2019-07-12T12:35:41.829Z", "user": 1, "content_type": 42, "object_id": "80", "object_repr": "DBTable<number_of_doctors_year_sex>", "action_flag": 1, "change_message": "[{\"added\": {}}]"}}, {"model": "admin.logentry", "pk": 21, "fields": {"action_time": "2019-07-12T12:37:11.540Z", "user": 1, "content_type": 42, "object_id": "81", "object_repr": "DBTable<primary_education_completion_sex>", "action_flag": 1, "change_message": "[{\"added\": {}}]"}}, {"model": "admin.logentry", "pk": 22, "fields": {"action_time": "2019-07-12T12:37:49.809Z", "user": 1, "content_type": 42, "object_id": "82", "object_repr": "DBTable<malaria_prevalence>", "action_flag": 1, "change_message": "[{\"added\": {}}]"}}, {"model": "admin.logentry", "pk": 23, "fields": {"action_time": "2019-07-12T12:38:13.833Z", "user": 1, "content_type": 42, "object_id": "83", "object_repr": "DBTable<hiv_patients_distribution>", "action_flag": 1, "change_message": "[{\"added\": {}}]"}}, {"model": "admin.logentry", "pk": 24, "fields": {"action_time": "2019-07-12T12:38:40.028Z", "user": 1, "content_type": 42, "object_id": "84", "object_repr": "DBTable<prevalence_fgm>", "action_flag": 1, "change_message": "[{\"added\": {}}]"}}, {"model": "admin.logentry", "pk": 25, "fields": {"action_time": "2019-07-12T12:40:02.515Z", "user": 1, "content_type": 43, "object_id": "76", "object_repr": "primary_education_completion_sex", "action_flag": 1, "change_message": "[{\"added\": {}}, {\"added\": {\"name\": \"field table release\", \"object\": \"DBTable<primary_education_completion_sex> for primary_education_completion_sex in Education - 2018\"}}]"}}, {"model": "admin.logentry", "pk": 26, "fields": {"action_time": "2019-07-12T12:41:02.704Z", "user": 1, "content_type": 43, "object_id": "77", "object_repr": "number_of_dentist_sex, number_of_dentist_year", "action_flag": 1, "change_message": "[{\"added\": {}}, {\"added\": {\"name\": \"field table release\", \"object\": \"DBTable<number_of_dentist_year_sex> for number_of_dentist_sex, number_of_dentist_year in Health - 2018\"}}]"}}, {"model": "admin.logentry", "pk": 27, "fields": {"action_time": "2019-07-12T12:41:49.803Z", "user": 1, "content_type": 43, "object_id": "78", "object_repr": "number_of_doctors_sex, number_of_doctors_year", "action_flag": 1, "change_message": "[{\"added\": {}}, {\"added\": {\"name\": \"field table release\", \"object\": \"DBTable<number_of_doctors_year_sex> for number_of_doctors_sex, number_of_doctors_year in Health - 2018\"}}]"}}, {"model": "admin.logentry", "pk": 28, "fields": {"action_time": "2019-07-12T12:43:35.374Z", "user": 1, "content_type": 43, "object_id": "79", "object_repr": "prevalence_fgm", "action_flag": 1, "change_message": "[{\"added\": {}}, {\"added\": {\"name\": \"field table release\", \"object\": \"DBTable<prevalence_fgm> for prevalence_fgm in Health - 2018\"}}]"}}, {"model": "admin.logentry", "pk": 29, "fields": {"action_time": "2019-07-12T12:44:34.680Z", "user": 1, "content_type": 43, "object_id": "80", "object_repr": "hiv_patients_distribution_year, sex", "action_flag": 1, "change_message": "[{\"added\": {}}, {\"added\": {\"name\": \"field table release\", \"object\": \"DBTable<hiv_patients_distribution> for hiv_patients_distribution_year, sex in Health - 2018\"}}]"}}, {"model": "admin.logentry", "pk": 30, "fields": {"action_time": "2019-07-12T12:45:39.087Z", "user": 1, "content_type": 43, "object_id": "81", "object_repr": "malaria_prevalence_test", "action_flag": 1, "change_message": "[{\"added\": {}}, {\"added\": {\"name\": \"field table release\", \"object\": \"DBTable<malaria_prevalence> for malaria_prevalence_test in Health - 2018\"}}]"}}, {"model": "admin.logentry", "pk": 31, "fields": {"action_time": "2019-07-12T13:10:09.724Z", "user": 1, "content_type": 42, "object_id": "85", "object_repr": "DBTable<literacy_sex>", "action_flag": 1, "change_message": "[{\"added\": {}}]"}}, {"model": "admin.logentry", "pk": 32, "fields": {"action_time": "2019-07-12T13:10:13.450Z", "user": 1, "content_type": 43, "object_id": "82", "object_repr": "sex", "action_flag": 1, "change_message": "[{\"added\": {}}, {\"added\": {\"name\": \"field table release\", \"object\": \"DBTable<literacy_sex> for sex in Education - 2018\"}}]"}}, {"model": "admin.logentry", "pk": 33, "fields": {"action_time": "2019-07-15T07:22:36.982Z", "user": 1, "content_type": 45, "object_id": "22", "object_repr": "Social Welfare - 2018", "action_flag": 1, "change_message": "[{\"added\": {}}]"}}, {"model": "admin.logentry", "pk": 34, "fields": {"action_time": "2019-07-15T07:22:54.078Z", "user": 1, "content_type": 42, "object_id": "86", "object_repr": "DBTable<account_ownership_indicator>", "action_flag": 1, "change_message": "[{\"added\": {}}]"}}, {"model": "admin.logentry", "pk": 35, "fields": {"action_time": "2019-07-15T07:23:54.582Z", "user": 1, "content_type": 42, "object_id": "87", "object_repr": "DBTable<access_to_elec_water_services>", "action_flag": 1, "change_message": "[{\"added\": {}}]"}}, {"model": "admin.logentry", "pk": 36, "fields": {"action_time": "2019-07-15T07:24:06.418Z", "user": 1, "content_type": 43, "object_id": "83", "object_repr": "access_to_elec_water_services", "action_flag": 1, "change_message": "[{\"added\": {}}, {\"added\": {\"name\": \"field table release\", \"object\": \"DBTable<access_to_elec_water_services> for access_to_elec_water_services in Social Welfare - 2018\"}}]"}}, {"model": "admin.logentry", "pk": 37, "fields": {"action_time": "2019-07-15T07:24:53.133Z", "user": 1, "content_type": 41, "object_id": "14", "object_repr": "Financial Inclusion", "action_flag": 1, "change_message": "[{\"added\": {}}, {\"added\": {\"name\": \"release\", \"object\": \"Financial Inclusion - 2018\"}}]"}}, {"model": "admin.logentry", "pk": 38, "fields": {"action_time": "2019-07-15T07:26:57.097Z", "user": 1, "content_type": 43, "object_id": "84", "object_repr": "account_ownership_year", "action_flag": 1, "change_message": "[{\"added\": {}}, {\"added\": {\"name\": \"field table release\", \"object\": \"DBTable<account_ownership_indicator> for account_ownership_year in Financial Inclusion - 2018\"}}]"}}, {"model": "admin.logentry", "pk": 39, "fields": {"action_time": "2019-07-15T07:29:31.582Z", "user": 1, "content_type": 42, "object_id": "88", "object_repr": "DBTable<human_dev_indices>", "action_flag": 1, "change_message": "[{\"added\": {}}]"}}, {"model": "admin.logentry", "pk": 40, "fields": {"action_time": "2019-07-15T07:29:33.955Z", "user": 1, "content_type": 43, "object_id": "85", "object_repr": "human_dev_indices", "action_flag": 1, "change_message": "[{\"added\": {}}, {\"added\": {\"name\": \"field table release\", \"object\": \"DBTable<human_dev_indices> for human_dev_indices in Social Welfare - 2018\"}}]"}}, {"model": "admin.logentry", "pk": 41, "fields": {"action_time": "2019-07-15T07:56:20.762Z", "user": 1, "content_type": 43, "object_id": "4", "object_repr": "births_attended_by_skilled_health_staff_year", "action_flag": 2, "change_message": "[{\"changed\": {\"fields\": [\"value_type\"]}}]"}}, {"model": "admin.logentry", "pk": 42, "fields": {"action_time": "2019-07-15T08:39:38.724Z", "user": 1, "content_type": 42, "object_id": "89", "object_repr": "DBTable<youth_unemployment_general>", "action_flag": 1, "change_message": "[{\"added\": {}}]"}}, {"model": "admin.logentry", "pk": 43, "fields": {"action_time": "2019-07-15T08:39:41.931Z", "user": 1, "content_type": 43, "object_id": "86", "object_repr": "youth_unemployment_period", "action_flag": 1, "change_message": "[{\"added\": {}}, {\"added\": {\"name\": \"field table release\", \"object\": \"DBTable<youth_unemployment_general> for youth_unemployment_period in Social Welfare - 2018\"}}]"}}]